Area,City,Links for pics,Done By,comments,,Remark
Abu Dhabi Beach,Abu Dhabi,"https://res.cloudinary.com/djcyhbk2e/image/upload/c_scale,f_auto,q_35,w_1400/v1/gvv/prod/nzy0jpwypljvpjfznzpw",Ranadeep,,,
Abu Dhabi City Centre,Abu Dhabi,https://www.thenational.ae/image/policy:1.615944:1509459944/MAFJazira.jpg?f=16x9&w=1200&$p$f$w=1c94ec8,Ranadeep,,,
Abu Dhabi Gate City,Abu Dhabi,https://upload.wikimedia.org/wikipedia/commons/d/d8/Abu_Dhabi_Gate_City_-_Abu_Dhabi_-_United_Arab_Emirates_-_panoramio_%281%29.jpg,Ranadeep,,,
Abu Dhabi Gate City (Officers City),Abu Dhabi,"https://www.google.com/maps/place/Abu+Dhabi+Gate+City+-+Abu+Dhabi+-+United+Arab+Emirates/@24.3954521,54.5029593,3a,75y,90t/data=!3m8!1e2!3m6!1sAF1QipOeenYucP7L58T2UGJn1UQrilMR28Df25Edsp5Q!2e10!3e12!6shttps:%2F%2Flh5.googleusercontent.com%2Fp%2FAF1QipOeenYucP7L58T2UGJn1UQrilMR28Df25Edsp5Q%3Dw152-h86-k-no!7i1404!8i790!4m5!3m4!1s0x3e5e414174a18011:0x869b4a10f24e0344!8m2!3d24.394009!4d54.5026382",Bipul,,,
Abu Dhabi Island,Abu Dhabi,http://www.marthaschwartz.com/wp-content/uploads/2016/02/Lulu-Island-1.jpg,Ranadeep,,,
Airport Road,Abu Dhabi,https://upload.wikimedia.org/wikipedia/commons/9/96/Abu_Dhabi%2C_Heritage_Park_-_Airport_Road_-_panoramio_%282%29.jpg,Ranadeep,,,
Al Bahia,Abu Dhabi,"https://www.google.com/maps/place/Al+Bahya+-+Abu+Dhabi+-+United+Arab+Emirates/@24.569409,54.6478885,3a,95.4y,90t/data=!3m8!1e2!3m6!1sAF1QipMiknS7UJcAeUEolBvuO80a-ovxL_dCeORYqiHp!2e10!3e12!6shttps:%2F%2Flh5.googleusercontent.com%2Fp%2FAF1QipMiknS7UJcAeUEolBvuO80a-ovxL_dCeORYqiHp%3Dw116-h86-k-no!7i519!8i382!4m5!3m4!1s0x3e5e504f09a79b11:0x581c873c7be01417!8m2!3d24.569409!4d54.6478885",Bipul,,,
Al Dana,Abu Dhabi,https://mir-s3-cdn-cf.behance.net/project_modules/1400/30334960543133.5a514e088109c.jpg,Ranadeep,,,
Al Dhafrah,Abu Dhabi,http://www.abudhabi2.com/wp-content/uploads/2017/04/Al-Dhafra-Water-Festival-2017.jpg,Ranadeep,,,
Al Falah,Abu Dhabi,http://www.geddesarchitects.com/images/project_images/NP123912_Untitled-1.png,Ranadeep,,,
Al Garbia Region,Abu Dhabi,https://visitabudhabi.ae/DataFolder/Images/Thumbnails/2000x800/Al-Gharbia-Hero-2.jpg,Ranadeep,,,
Al Ghadeer,Abu Dhabi,https://www.alghadeer.ae/upload/images/Image/1523863152.a6e20/main/large.jpeg,Ranadeep,,,
Al Hosn,Abu Dhabi,"https://www.google.com/maps/place/Al+Hosn+-+Abu+Dhabi+-+United+Arab+Emirates/@24.4868062,54.3556932,3a,75y,117.16h,107.84t/data=!3m8!1e1!3m6!1sAF1QipOEiV0oOkvKx2ghm4gHTctwyeoXEXyqHJFo-C0T!2e10!3e11!6shttps:%2F%2Flh5.googleusercontent.com%2Fp%2FAF1QipOEiV0oOkvKx2ghm4gHTctwyeoXEXyqHJFo-C0T%3Dw203-h100-k-no-pi-17.84375-ya117.15626-ro-0-fo100!7i4096!8i2048!4m5!3m4!1s0x3e5e66714abb46fb:0x63e8fb49bb511841!8m2!3d24.4802934!4d54.3528643",Bipul,,,
Al Khalediyah,Abu Dhabi,"https://www.google.com/maps/place/Al+Khalidiyah+-+Abu+Dhabi+-+United+Arab+Emirates/@24.4711952,54.3453488,3a,75y,90t/data=!3m8!1e2!3m6!1sAF1QipOE_G9WA7eiGOLMNPl96ID5GjIIG9TXQlEu2anV!2e10!3e12!6shttps:%2F%2Flh5.googleusercontent.com%2Fp%2FAF1QipOE_G9WA7eiGOLMNPl96ID5GjIIG9TXQlEu2anV%3Dw86-h153-k-no!7i2336!8i4160!4m5!3m4!1s0x3e5e660af54df661:0x832afeecd6b1349b!8m2!3d24.4711952!4d54.3453488",Bipul,,,
Al Khubeirah,Abu Dhabi,"https://www.google.com/maps/place/Al+Khubeirah+-+Abu+Dhabi+-+United+Arab+Emirates/@24.459968,54.3275875,3a,75y,90t/data=!3m8!1e2!3m6!1sAF1QipN7bWTYBpSRl0_YKZff6lSIFFV1FkwcZ8Eyj1zc!2e10!3e12!6shttps:%2F%2Flh5.googleusercontent.com%2Fp%2FAF1QipN7bWTYBpSRl0_YKZff6lSIFFV1FkwcZ8Eyj1zc%3Dw129-h86-k-no!7i4896!8i3264!4m5!3m4!1s0x3e5e65e95de3163d:0x517374733029fbf5!8m2!3d24.459968!4d54.3275875",Bipul,,,
Al Makta,Abu Dhabi,"https://www.google.com/maps/place/Al+Maqta+-+Abu+Dhabi+-+United+Arab+Emirates/@24.4043007,54.5026382,3a,75y,90t/data=!3m8!1e2!3m6!1sAF1QipMCf0mLiMunS52v-mirdnMyJDsejkvyafp3I00F!2e10!3e12!6shttps:%2F%2Flh5.googleusercontent.com%2Fp%2FAF1QipMCf0mLiMunS52v-mirdnMyJDsejkvyafp3I00F%3Dw203-h114-k-no!7i5312!8i2988!4m5!3m4!1s0x3e5e415c02d1aadf:0xb88cb648e37faf5!8m2!3d24.4043007!4d54.5026382",Bipul,,,
Al Maqtaa,Abu Dhabi,"https://www.google.com/maps/place/Al+Maqta+-+Abu+Dhabi+-+United+Arab+Emirates/@24.4043007,54.5026382,3a,75y,90t/data=!3m8!1e2!3m6!1sAF1QipOqCcZTqmS9ncf-uoR_FwR0z1-NcbivW0di2ilb!2e10!3e12!6shttps:%2F%2Flh5.googleusercontent.com%2Fp%2FAF1QipOqCcZTqmS9ncf-uoR_FwR0z1-NcbivW0di2ilb%3Dw152-h86-k-no!7i5312!8i2988!4m5!3m4!1s0x3e5e415c02d1aadf:0xb88cb648e37faf5!8m2!3d24.4043007!4d54.5026382",Bipul,,,
Al Markaziyah,Abu Dhabi,http://wikimapia.org/24774245/Al-Markaziyah,Bipul,,,
Al Maryah Island,Abu Dhabi,"https://www.google.com/maps/place/Al+Maryah+Island/@24.4984378,54.3890855,3a,80.9y,90t/data=!3m8!1e2!3m6!1sAF1QipNiSb0fwATzR-IeId4-dCWZ1RYvS8D2NcW2eNl4!2e10!3e12!6shttps:%2F%2Flh5.googleusercontent.com%2Fp%2FAF1QipNiSb0fwATzR-IeId4-dCWZ1RYvS8D2NcW2eNl4%3Dw153-h86-k-no!7i1024!8i575!4m5!3m4!1s0x3e5e665354746df7:0x1cb3cdea0c5871b1!8m2!3d24.4984378!4d54.3890855",Bipul,,,
Al Nahyan,Abu Dhabi,"https://www.google.com/maps/place/Al+Nahyan+-+Abu+Dhabi+-+United+Arab+Emirates/@24.4656265,54.389298,3a,75y,90t/data=!3m8!1e2!3m6!1sAF1QipOhek3ypQS_JL0lTSLw_5utiQSIaeZUEnT7vj5d!2e10!3e12!6shttps:%2F%2Flh5.googleusercontent.com%2Fp%2FAF1QipOhek3ypQS_JL0lTSLw_5utiQSIaeZUEnT7vj5d%3Dw114-h86-k-no!7i4032!8i3024!4m8!1m2!2m1!1sAl+Nahyan%09Abu+Dhabi!3m4!1s0x3e5e662ac319fec1:0x1a64ed2c22e9a666!8m2!3d24.4622779!4d54.393187",Bipul,,,
Al Raha Beach,Abu Dhabi,"https://www.google.com/maps/place/Al+Raha+Beach+-+Abu+Dhabi+-+United+Arab+Emirates/@24.5223193,54.6259474,3a,75y,90t/data=!3m8!1e2!3m6!1sAF1QipNh2JxNTHZDp-m6uHCGXPccxekwSsZhiHTNf3Sp!2e10!3e12!6shttps:%2F%2Flh5.googleusercontent.com%2Fp%2FAF1QipNh2JxNTHZDp-m6uHCGXPccxekwSsZhiHTNf3Sp%3Dw129-h86-k-no!7i3456!8i2304!4m5!3m4!1s0x3e5e45cfd31febad:0xd95e5fd2ca51cac8!8m2!3d24.5223193!4d54.6259474",Bipul,,,
Al Raha Gardens,Abu Dhabi,"https://www.google.com/maps/place/Al+Raha+Gardens+-+Abu+Dhabi+-+United+Arab+Emirates/@24.4342176,54.5737389,3a,75y,90t/data=!3m8!1e2!3m6!1sAF1QipM7-SsTl-chFShcfLxsIe18_iHk9PTubnrSX_r1!2e10!3e12!6shttps:%2F%2Flh5.googleusercontent.com%2Fp%2FAF1QipM7-SsTl-chFShcfLxsIe18_iHk9PTubnrSX_r1%3Dw129-h86-k-no!7i4288!8i2848!4m5!3m4!1s0x3e5e45d6fd17c0d3:0xc8728f6e86f15b45!8m2!3d24.4341517!4d54.5731756",Bipul,,,
Al Raha Golf Gardens,Abu Dhabi,https://www.google.com/imgres?imgurl=https://lookaside.fbsbx.com/lookaside/crawler/media/?media_id%3D809024392457133&imgrefurl=https://www.facebook.com/GolfGardensad/&h=600&w=800&tbnid=clWgZVPlfg3-2M:&q=Al+Raha+Golf+Gardens&tbnh=160&tbnw=213&usg=AI4_-kRZp1S42OrFKWeCyfbvtBg_9Eiz_w&vet=1&docid=BvoXXqU3u94OTM&itg=1&sa=X&ved=2ahUKEwiwm_62q6_gAhWHTn0KHQ4jCWoQ_B0wCnoECAQQBg,Bipul,,,
Al Reef,Abu Dhabi,"https://www.google.com/maps/place/Al+Reef+-+Abu+Dhabi+-+United+Arab+Emirates/@24.4837527,54.6641681,3a,75y,90t/data=!3m8!1e2!3m6!1sAF1QipPGdYLyiITIkuvq8o8p8VXZVMwZ0kGqz4NVPs1o!2e10!3e12!6shttps:%2F%2Flh5.googleusercontent.com%2Fp%2FAF1QipPGdYLyiITIkuvq8o8p8VXZVMwZ0kGqz4NVPs1o%3Dw203-h152-k-no!7i4128!8i3096!4m5!3m4!1s0x3e5e4ee57f072503:0xecfc86c31a54a5c8!8m2!3d24.4796196!4d54.6588612",Bipul,,,
Al Reem Island,Abu Dhabi,"https://www.google.com/maps/place/Al+Reem+Island/@24.4923804,54.407024,3a,75y,90t/data=!3m8!1e2!3m6!1sAF1QipPo8vasANS1Gv8h3vreiNyheB6Xli-pY_Yv2R1b!2e10!3e12!6shttps:%2F%2Flh5.googleusercontent.com%2Fp%2FAF1QipPo8vasANS1Gv8h3vreiNyheB6Xli-pY_Yv2R1b%3Dw203-h114-k-no!7i2048!8i1152!4m5!3m4!1s0x3e5e67becd78ccdd:0xad4befbe23b2d345!8m2!3d24.4942437!4d54.4068603",Bipul,,,
Al Rehhan,Abu Dhabi,"https://www.google.com/maps/place/BURJ+AL+JEWN/@24.430615,54.433618,3a,75y,90t/data=!3m8!1e2!3m6!1sAF1QipO2zPHaPtqbnnJ2Kj4wvfVKpaWT6VCu4wfa1fgI!2e10!3e12!6shttps:%2F%2Flh5.googleusercontent.com%2Fp%2FAF1QipO2zPHaPtqbnnJ2Kj4wvfVKpaWT6VCu4wfa1fgI%3Dw203-h360-k-no!7i2304!8i4096!4m5!3m4!1s0x3e5e69d5971b90d9:0xb45dbf62867f4f89!8m2!3d24.4311186!4d54.4330736",Bipul,,,
Al Samha,Abu Dhabi,"https://www.google.com/maps/place/Al+Samha+-+Abu+Dhabi+-+United+Arab+Emirates/@24.6812993,54.7576819,3a,75y,90t/data=!3m8!1e2!3m6!1sAF1QipNCEdHynqdoxR_rdiiHuxJ3VGsT-zn0Ft108FnU!2e10!3e12!6shttps:%2F%2Flh5.googleusercontent.com%2Fp%2FAF1QipNCEdHynqdoxR_rdiiHuxJ3VGsT-zn0Ft108FnU%3Dw203-h135-k-no!7i3456!8i2304!4m5!3m4!1s0x3e5e54ebb28ca935:0x538ce1e343172cbe!8m2!3d24.6812993!4d54.7576819",Bipul,,,
Al Seef,Abu Dhabi,"https://www.google.com/maps/place/Al+Seef+-+Abu+Dhabi+-+United+Arab+Emirates/@24.4460062,54.5861941,3a,75y,90t/data=!3m8!1e2!3m6!1sAF1QipP4AZn26pbL5PCKIsXneHCHSgWqCwRIim1BUfM8!2e10!3e12!6shttps:%2F%2Flh5.googleusercontent.com%2Fp%2FAF1QipP4AZn26pbL5PCKIsXneHCHSgWqCwRIim1BUfM8%3Dw174-h86-k-no!7i3493!8i1722!4m5!3m4!1s0x3e5e45e850231c03:0xd82098036db08cd6!8m2!3d24.4460062!4d54.5861941",Bipul,,,
Al Wahdah,Abu Dhabi,"https://www.google.com/maps/place/Al+Wahdah+-+Abu+Dhabi+-+United+Arab+Emirates/@24.4690442,54.3754152,3a,75y,90t/data=!3m8!1e2!3m6!1sAF1QipOC2tX27QoVyIPv5GU_yifpFcr0GXtMpDRx0Z17!2e10!3e12!6shttps:%2F%2Flh5.googleusercontent.com%2Fp%2FAF1QipOC2tX27QoVyIPv5GU_yifpFcr0GXtMpDRx0Z17%3Dw86-h114-k-no!7i3096!8i4128!4m5!3m4!1s0x3e5e66260500359b:0x5bcc948eab7e7612!8m2!3d24.4690442!4d54.3754152",Bipul,,,
Al Zahiya,Abu Dhabi,"https://www.google.com/maps/place/Al+Zahiyah+-+Abu+Dhabi+-+United+Arab+Emirates/@24.4932862,54.3797057,3a,75y,271.5h,104.93t/data=!3m8!1e1!3m6!1sAF1QipP6rsqGzCBxnwHuETD3mCI30Gx0A09nNgPAVmLB!2e10!3e11!6shttps:%2F%2Flh5.googleusercontent.com%2Fp%2FAF1QipP6rsqGzCBxnwHuETD3mCI30Gx0A09nNgPAVmLB%3Dw203-h100-k-no-pi-14.933861-ya271.5-ro-0-fo100!7i5168!8i2584!4m5!3m4!1s0x3e5e665a117643df:0x68d093559383d625!8m2!3d24.4989668!4d54.3767821",Bipul,,,
Baniyas City,Abu Dhabi,"https://www.google.com/maps/place/Bawabat+Al+Sharq+-+Abu+Dhabi+-+United+Arab+Emirates/@24.3141893,54.6191991,3a,75y,304.5h,92.93t/data=!3m8!1e1!3m6!1sAF1QipONXBorLjN2u03SW6xrCtcNYjOTziLhMh8xZ06Q!2e10!3e11!6shttps:%2F%2Flh5.googleusercontent.com%2Fp%2FAF1QipONXBorLjN2u03SW6xrCtcNYjOTziLhMh8xZ06Q%3Dw86-h86-k-no-pi-2.9338646-ya304.5-ro-0-fo100!7i5656!8i2828!4m8!1m2!2m1!1sBawabat+Al+Sharq+-++Villas++Baniyas+City%09Abu+Dhabi!3m4!1s0x3e5e37702b780533:0xbe4ba9f15201642c!8m2!3d24.3113148!4d54.621834",Bipul,,,
Corniche,Abu Dhabi,"https://www.google.com/maps/place/Al+Ain+Palace+Hotel/@24.4970526,54.3652494,3a,75y,90t/data=!3m8!1e2!3m6!1sAF1QipOvxt4xIgq64547DwtANSZBrKmSkyAXenx7rNK4!2e10!3e12!6shttps:%2F%2Flh5.googleusercontent.com%2Fp%2FAF1QipOvxt4xIgq64547DwtANSZBrKmSkyAXenx7rNK4%3Dw203-h114-k-no!7i5312!8i2988!4m5!3m4!1s0x3e5e6661b81c5507:0xfd6ab479551dc347!8m2!3d24.4970526!4d54.3652494",Bipul,,,
Danet Abu Dhabi,Abu Dhabi,"https://www.google.com/maps/place/Danet+Abu+Dhabi/@24.4298658,54.4360207,3a,75y,90t/data=!3m8!1e2!3m6!1sAF1QipMSCa6hbPzJhWY3XQkF2AdLHNnHEhjeKRSfGRkZ!2e10!3e12!6shttps:%2F%2Flh5.googleusercontent.com%2Fp%2FAF1QipMSCa6hbPzJhWY3XQkF2AdLHNnHEhjeKRSfGRkZ%3Dw203-h114-k-no!7i5312!8i2988!4m5!3m4!1s0x3e5e4278cc3ef683:0x91a2ccb98e8f00b3!8m2!3d24.4298658!4d54.4360207",Bipul,,,
E 25,Abu Dhabi,,,,,
E9-02,Abu Dhabi,https://mapio.net/pic/p-14367036/,Bipul,,,
Eastern Mangroves,Abu Dhabi,"https://www.google.com/maps/place/Eastern+Mangrove+-+Abu+Dhabi+-+United+Arab+Emirates/@24.4401711,54.4552516,3a,75y,90t/data=!3m8!1e2!3m6!1sAF1QipOJGr2NLgSdwktv2WDv8NFbvpvvGOv1hsRghBLn!2e10!3e12!6shttps:%2F%2Flh5.googleusercontent.com%2Fp%2FAF1QipOJGr2NLgSdwktv2WDv8NFbvpvvGOv1hsRghBLn%3Dw203-h114-k-no!7i3552!8i2000!4m5!3m4!1s0x3e5e42601c89cf0b:0x6789b83a9b40351b!8m2!3d24.4423236!4d54.4574716",Bipul,,,
Hydra Village,Abu Dhabi,"https://www.google.com/maps/place/Hydra+Village/@24.5476676,54.6990646,3a,75y,90t/data=!3m8!1e2!3m6!1sAF1QipPl7jUA9kkyKH5hTGy9iR4T6wgTk73MxBI3Wi9O!2e10!3e12!6shttps:%2F%2Flh5.googleusercontent.com%2Fp%2FAF1QipPl7jUA9kkyKH5hTGy9iR4T6wgTk73MxBI3Wi9O%3Dw203-h152-k-no!7i4032!8i3024!4m5!3m4!1s0x3e5e520029a96ba1:0xb394f2a717a8ee05!8m2!3d24.5476676!4d54.6990646",Bipul,,,
Khalifa City,Abu Dhabi,"https://www.google.com/maps/place/Khalifa+City+-+Abu+Dhabi+-+United+Arab+Emirates/@24.4215535,54.5766013,3a,75y,90t/data=!3m8!1e2!3m6!1sAF1QipNH5loFCFCvAJskV7SQvoCK2bN5Ih6iWBisobVL!2e10!3e12!6shttps:%2F%2Flh5.googleusercontent.com%2Fp%2FAF1QipNH5loFCFCvAJskV7SQvoCK2bN5Ih6iWBisobVL%3Dw86-h114-k-no!7i3456!8i4608!4m5!3m4!1s0x3e5e4665e784b025:0x18856a84d3a5d8bf!8m2!3d24.4215535!4d54.5766013",Bipul,,,
Khalifa Street,Abu Dhabi,http://abudhabicity.net/property/office-for-rent-al-neem-tower-khalifa-street-of47210/,Bipul,,,
Masdar City,Abu Dhabi,"https://www.google.com/maps/place/Masdar+City+-+Abu+Dhabi+-+United+Arab+Emirates/@24.4266734,54.614979,3a,75y,90t/data=!3m8!1e2!3m6!1sAF1QipM8DjTF9ZKkYA_i_b3lhjh14nWwnGFbpoBN78bl!2e10!3e12!6shttps:%2F%2Flh5.googleusercontent.com%2Fp%2FAF1QipM8DjTF9ZKkYA_i_b3lhjh14nWwnGFbpoBN78bl%3Dw152-h86-k-no!7i5312!8i2988!4m5!3m4!1s0x3e5e48a369f3f1f1:0x2c78fcb77107ce5b!8m2!3d24.4266734!4d54.614979",Bipul,,,
Mohammed Bin Zayed City,Abu Dhabi,"https://www.google.com/maps/place/Mohammed+Bin+Zayed+City+-+Abu+Dhabi+-+United+Arab+Emirates/@24.3333092,54.5546799,3a,75y,90t/data=!3m8!1e2!3m6!1sAF1QipMGZinrsxCMQoI6_YheMcVukKCKq6l7K92w8TYV!2e10!3e12!6shttps:%2F%2Flh5.googleusercontent.com%2Fp%2FAF1QipMGZinrsxCMQoI6_YheMcVukKCKq6l7K92w8TYV%3Dw203-h152-k-no!7i4160!8i3120!4m5!3m4!1s0x3e5e476b238494e5:0xfd3db0486d6d68d6!8m2!3d24.3333089!4d54.5546793",Bipul,,,
Musaffah,Abu Dhabi,"https://www.google.com/maps/place/Mussafah+-+Abu+Dhabi+-+United+Arab+Emirates/@24.3495341,54.4999001,3a,75y,90t/data=!3m8!1e2!3m6!1sAF1QipMRvGsRWcab4Pibc_bCyxrl595y41jzeiZd2r2W!2e10!3e12!6shttps:%2F%2Flh5.googleusercontent.com%2Fp%2FAF1QipMRvGsRWcab4Pibc_bCyxrl595y41jzeiZd2r2W%3Dw203-h304-k-no!7i534!8i800!4m5!3m4!1s0x3e5e40e7483d11d5:0x7672bbc1a32c03c2!8m2!3d24.3495341!4d54.4999001",Bipul,,,
Musaffah South (ICAD),Abu Dhabi,"https://www.google.com/maps/place/Abu+Dhabi+Business+Hub/@24.3229506,54.5198134,3a,75y,90t/data=!3m8!1e2!3m6!1sAF1QipMPd_2I1lay588bP-K3xP1yYJz2tEPVZWrNj-_9!2e10!3e12!6shttps:%2F%2Flh5.googleusercontent.com%2Fp%2FAF1QipMPd_2I1lay588bP-K3xP1yYJz2tEPVZWrNj-_9%3Dw203-h202-k-no!7i1156!8i1154!4m8!1m2!2m1!1sAbu+Dhabi+Business+Hub+Musaffah+South%09Abu+Dhabi!3m4!1s0x3e5e3f4d3ba4e399:0x956c30e1e9f10e2a!8m2!3d24.3229506!4d54.5198134",Bipul,,,
Mussafah,Abu Dhabi,"https://www.google.com/maps/place/Mussafah+-+Abu+Dhabi+-+United+Arab+Emirates/@24.3495341,54.4999001,3a,75y,90t/data=!3m8!1e2!3m6!1sAF1QipNRbYCNudEac5eVnj8GRUbP_XdeBLbJNFC7h7_v!2e10!3e12!6shttps:%2F%2Flh5.googleusercontent.com%2Fp%2FAF1QipNRbYCNudEac5eVnj8GRUbP_XdeBLbJNFC7h7_v%3Dw114-h86-k-no!7i4032!8i3024!4m5!3m4!1s0x3e5e40e7483d11d5:0x7672bbc1a32c03c2!8m2!3d24.3495341!4d54.4999001",Bipul,,,
Saadiyat Island,Abu Dhabi,"https://www.google.com/maps/place/Saadiyat+Island/@24.5302924,54.4451578,3a,92.1y,90t/data=!3m8!1e2!3m6!1sAF1QipO0maXhbkmzZ7WyINGkAK_ozNjpt--lmroWOV1Y!2e10!3e12!6shttps:%2F%2Flh5.googleusercontent.com%2Fp%2FAF1QipO0maXhbkmzZ7WyINGkAK_ozNjpt--lmroWOV1Y%3Dw203-h153-k-no!7i537!8i405!4m5!3m4!1s0x3e5e5df7ae201b61:0x61df06dacb77f51e!8m2!3d24.5302924!4d54.4451578",Bipul,,,
Sas Al Nakheel (Umm Al Nar),Abu Dhabi,"https://www.google.com/maps/place/Sas+Al+Nakhl+Village+-+Abu+Dhabi+-+United+Arab+Emirates/@24.4048345,54.5282618,3a,75.8y,90t/data=!3m8!1e2!3m6!1sAF1QipNh7f-0cT0Z8nXy510nfwCHaasiQuOHSSISaEON!2e10!3e12!6shttps:%2F%2Flh5.googleusercontent.com%2Fp%2FAF1QipNh7f-0cT0Z8nXy510nfwCHaasiQuOHSSISaEON%3Dw203-h135-k-no!7i1123!8i749!4m5!3m4!1s0x3e5e46b1699245bd:0x644ff0bbb0a8587f!8m2!3d24.4043863!4d54.5293394",Bipul,,,
Shams Abu Dhabi,Abu Dhabi,"https://www.google.com/maps/place/Shams+Abu+Dhabi+-+Abu+Dhabi+-+United+Arab+Emirates/@24.5043484,54.4109627,3a,75y,90t/data=!3m8!1e2!3m6!1sAF1QipPvdO9IL7puGv5945zyzLqhHXDd6UJZHc-ct9Tt!2e10!3e12!6shttps:%2F%2Flh5.googleusercontent.com%2Fp%2FAF1QipPvdO9IL7puGv5945zyzLqhHXDd6UJZHc-ct9Tt%3Dw114-h86-k-no!7i1600!8i1200!4m5!3m4!1s0x3e5e67a23b0bb609:0x18f584dda6f808c5!8m2!3d24.5043484!4d54.4109627",Bipul,,,
Sheikh Zayed Road,Abu Dhabi,"https://www.google.com/maps/place/E11+-+Abu+Dhabi+-+United+Arab+Emirates/@25.204901,55.2706929,3a,75y,90t/data=!3m8!1e2!3m6!1sAF1QipNpV2JuGHIXbbtdD0DGpE54p-vlRSymEy_JN2U1!2e10!3e12!6shttps:%2F%2Flh5.googleusercontent.com%2Fp%2FAF1QipNpV2JuGHIXbbtdD0DGpE54p-vlRSymEy_JN2U1%3Dw203-h152-k-no!7i1280!8i960!4m5!3m4!1s0x3e5f5c8ae8145421:0x19dad302b073d080!8m2!3d24.2690145!4d54.4986092",Bipul,,,
Tourist Club Area,Abu Dhabi,"https://www.google.com/maps/place/Al+Zahiyah+-+Abu+Dhabi+-+United+Arab+Emirates/@24.4935123,54.3804152,3a,75y,355.5h,96.94t/data=!3m8!1e1!3m6!1sAF1QipOYxvoTrcGAQV_96wqpuZ4z5s0X0FeYpfAR_-AS!2e10!3e11!6shttps:%2F%2Flh5.googleusercontent.com%2Fp%2FAF1QipOYxvoTrcGAQV_96wqpuZ4z5s0X0FeYpfAR_-AS%3Dw203-h100-k-no-pi-6.941883-ya58.768787-ro-0-fo100!7i4096!8i2048!4m5!3m4!1s0x3e5e665a117643df:0x68d093559383d625!8m2!3d24.4989668!4d54.3767821",Bipul,,,
West 2,Abu Dhabi,http://www.almazroui.com/who-we-are/our-history,Bipul,,,
Yas Island,Abu Dhabi,"https://www.google.com/maps/place/Yas+Island/@24.4958385,54.6040121,3a,75y,90t/data=!3m8!1e2!3m6!1shttp:%2F%2Ft1.gstatic.com%2Fimages%3Fq%3Dtbn:ANd9GcTfz_c-fOZaiFFyt0rIRfGmxHN65gfrWwznd7BWjbz7FTmM6ASo!2e7!3e27!6s%2F%2Flh5.googleusercontent.com%2Fproxy%2F1_6ODzBGGPKd6ep1Jrb8m8XxFcShg0xLEUX3faJ1QMpKhmAJBI8sVmjWtm3m800FLidNMwxABglOo2YQVF-BVqxhasDUlFv-vZYWAn2uYj-Io_FY_wGROW_wHc2pJKNDNgk2f19xxn0o_WqyDyOVId8fjzQqY8g%3Dw129-h86-k-no!7i1080!8i716!4m5!3m4!1s0x3e5e457d9c174315:0xbea25f33cf37e48e!8m2!3d24.4958385!4d54.6040121",Bipul,,,
Yas Waterfront Resorts & Links,Abu Dhabi,"https://www.google.com/maps/place/Yas+Links+Abu+Dhabi/@24.4775979,54.6006525,3a,75y,90t/data=!3m8!1e2!3m6!1shttps:%2F%2Fstatic1.squarespace.com%2Fstatic%2F5a01b5b77131a50540ba12d4%2Ft%2F5a9e5f3a419202ee7d8ea7b2%2F1520328508900%2Fyas-links-1-the-leading-abu-dhabi-golf-club.jpg%3Fformat%3D2500w!2e7!3e27!6s%2F%2Flh6.googleusercontent.com%2Fproxy%2Fm988w9N5WgD7ArvrQNV34ucEHukLkL4kUqc1uqPmZsT1N8TRo1tI-DxayPf4kapetZjO_75E9ts_lVcNlqzt-nuX14VVUhmgFpYDl3jGfGZ7BfinlAPiSwsQ4JKMa-z62FB5ZSwK-A2KPezI96msgALZQ0qnWQ%3Dw153-h86-k-no!7i2500!8i1406!4m8!1m2!2m1!1sYas+Waterfront+Resorts+%26+Links%09Abu+Dhabi!3m4!1s0x3e5e4582ecaaecab:0xb3e0f29a13cc00d5!8m2!3d24.47754!4d54.6005853",Bipul,,,
Zayed Sports City,Abu Dhabi,"https://www.google.com/maps/place/Zayed+Sports+City+-+Abu+Dhabi+-+United+Arab+Emirates/@24.4162779,54.4559267,3a,75y,70.48h,90t/data=!3m8!1e2!3m6!1sAF1QipNj90mIcneGjpp6Vwx7tsKbaWzuefJ9t4KM4CDu!2e10!3e12!6shttps:%2F%2Flh5.googleusercontent.com%2Fp%2FAF1QipNj90mIcneGjpp6Vwx7tsKbaWzuefJ9t4KM4CDu%3Dw203-h114-k-no!7i4128!8i2322!4m5!3m4!1s0x3e5e423e43cf2dc5:0xd232eceb2acf199d!8m2!3d24.4204586!4d54.4478941",Bipul,,,
Ajman Industrial Area,Ajman,"https://www.google.com/maps/place/Industrial+Area+-+Sharjah+-+United+Arab+Emirates/@25.2937343,55.4614095,3a,75y,297.36h,90t/data=!3m7!1e1!3m5!1sCUzWargpBYrot9GbiZ1RJQ!2e0!6s%2F%2Fgeo1.ggpht.com%2Fcbk%3Fpanoid%3DCUzWargpBYrot9GbiZ1RJQ%26output%3Dthumbnail%26cb_client%3Dmaps_sv.tactile.gps%26thumb%3D2%26w%3D203%26h%3D100%26yaw%3D297.3647%26pitch%3D0%26thumbfov%3D100!7i13312!8i6656!4m13!1m7!3m6!1s0x3e5f5ec7d43763cd:0xe46c75259954fcf1!2sIndustrial+Area+-+Sharjah+-+United+Arab+Emirates!3b1!8m2!3d25.3054094!4d55.4305486!3m4!1s0x3e5f5ec7d43763cd:0xe46c75259954fcf1!8m2!3d25.3054094!4d55.4305486",Bipul,,,
Al Bustan,Ajman,"https://www.google.com/maps/place/Al+Bustan+-+Ajman+-+United+Arab+Emirates/@25.414539,55.4467944,3a,75y,265.5h,90t/data=!3m7!1e1!3m5!1sI5gYI4tLgSpEzJ3Enghfhw!2e0!6s%2F%2Fgeo0.ggpht.com%2Fcbk%3Fpanoid%3DI5gYI4tLgSpEzJ3Enghfhw%26output%3Dthumbnail%26cb_client%3Dmaps_sv.tactile.gps%26thumb%3D2%26w%3D203%26h%3D100%26yaw%3D206.68295%26pitch%3D0%26thumbfov%3D100!7i13312!8i6656!4m13!1m7!3m6!1s0x3e5f577f19cb4931:0x4cc265ee33869b47!2sAl+Bustan+-+Ajman+-+United+Arab+Emirates!3b1!8m2!3d25.412463!4d55.4485458!3m4!1s0x3e5f577f19cb4931:0x4cc265ee33869b47!8m2!3d25.412463!4d55.4485458",Bipul,,,
Al Helio 1,Ajman,"https://www.google.com/maps/place/Al+Helio+Opticals/@25.3887297,55.4609876,3a,75y,166.4h,90t/data=!3m7!1e1!3m5!1sB6Tx4BYJyoaKUueyDf0rBQ!2e0!6s%2F%2Fgeo1.ggpht.com%2Fcbk%3Fpanoid%3DB6Tx4BYJyoaKUueyDf0rBQ%26output%3Dthumbnail%26cb_client%3Dsearch.TACTILE.gps%26thumb%3D2%26w%3D86%26h%3D86%26yaw%3D166.40056%26pitch%3D0%26thumbfov%3D100!7i13312!8i6656!4m5!3m4!1s0x3e5f5847aaa5c573:0xb12e5f143bed795c!8m2!3d25.3886456!4d55.4609826",Bipul,,,
Al Nuaimia 2,Ajman,"https://www.google.com/maps/place/2+Al+Nuaimia+-+Ajman+-+United+Arab+Emirates/@25.3829747,55.4492448,3a,75y,30.97h,90t/data=!3m7!1e1!3m5!1sIgpJCACMsB-Q26nz2_wdEw!2e0!6s%2F%2Fgeo3.ggpht.com%2Fcbk%3Fpanoid%3DIgpJCACMsB-Q26nz2_wdEw%26output%3Dthumbnail%26cb_client%3Dmaps_sv.tactile.gps%26thumb%3D2%26w%3D203%26h%3D100%26yaw%3D30.966501%26pitch%3D0%26thumbfov%3D100!7i13312!8i6656!4m5!3m4!1s0x3e5f584ba4daf0c1:0xe8f3b0343655cf8d!8m2!3d25.3856508!4d55.4499303",Bipul,,,
Al Nuaimia 3,Ajman,"https://www.google.com/maps/place/3+Al+Nuaimia+-+Ajman+-+United+Arab+Emirates/@25.3926577,55.4321515,3a,75y,123.35h,90t/data=!3m7!1e1!3m5!1s0ZihV32Cw5sIAyW6sZlasQ!2e0!6s%2F%2Fgeo3.ggpht.com%2Fcbk%3Fpanoid%3D0ZihV32Cw5sIAyW6sZlasQ%26output%3Dthumbnail%26cb_client%3Dmaps_sv.tactile.gps%26thumb%3D2%26w%3D203%26h%3D100%26yaw%3D123.34818%26pitch%3D0%26thumbfov%3D100!7i13312!8i6656!4m5!3m4!1s0x3e5f59c5f249cff9:0xcc107f3f3d342568!8m2!3d25.3895373!4d55.4402389",Bipul,,,
Al Nud,Ajman,"https://www.google.com/maps/place/Al+Nud+-+Sharjah+-+United+Arab+Emirates/@25.3425932,55.3904145,3a,75y,90t/data=!3m8!1e2!3m6!1sAF1QipO8h5jA6hmeE4HZbqeKiMKzH1TyW81kMI1dAswR!2e10!3e12!6shttps:%2F%2Flh5.googleusercontent.com%2Fp%2FAF1QipO8h5jA6hmeE4HZbqeKiMKzH1TyW81kMI1dAswR%3Dw114-h86-k-no!7i4032!8i3024!4m5!3m4!1s0x3e5f5bcfe49f5f93:0x59585dfccfccdb7a!8m2!3d25.3425932!4d55.3904145",Bipul,,,
Al Rashidiya 2,Ajman,"https://www.google.com/maps/place/Al+Rashidiya+2+-+Ajman+-+United+Arab+Emirates/@25.3961672,55.4458865,3a,75y,115.92h,90t/data=!3m7!1e1!3m5!1sNFXlpHgVhizq8mkZLPz2fA!2e0!6s%2F%2Fgeo0.ggpht.com%2Fcbk%3Fpanoid%3DNFXlpHgVhizq8mkZLPz2fA%26output%3Dthumbnail%26cb_client%3Dmaps_sv.tactile.gps%26thumb%3D2%26w%3D203%26h%3D100%26yaw%3D115.92014%26pitch%3D0%26thumbfov%3D100!7i13312!8i6656!4m5!3m4!1s0x3e5f5832d4f71ec3:0x479f3b58e443717f!8m2!3d25.3961921!4d55.4457768",Bipul,,,
Emirates City,Ajman,"https://www.google.com/maps/place/Emirates+City+-+Ajman+-+United+Arab+Emirates/@25.3979235,55.5787891,3a,80.9y,90t/data=!3m8!1e2!3m6!1sAF1QipNagx_lSUGulOQgtlf7HkQ1EjYsQmIGILQbQXV0!2e10!3e12!6shttps:%2F%2Flh5.googleusercontent.com%2Fp%2FAF1QipNagx_lSUGulOQgtlf7HkQ1EjYsQmIGILQbQXV0%3Dw172-h86-k-no!7i1024!8i512!4m5!3m4!1s0x3ef5f6d38561b227:0xf62212bc3f909be4!8m2!3d25.3979235!4d55.5787891",Bipul,,,
Liwara 1,Ajman,"https://www.google.com/maps/place/Liwara+Building/@25.4183127,55.4502932,3a,80.5y,90t/data=!3m8!1e2!3m6!1sAF1QipNiXn8DbtkOPH7HF6l-RTEU9kyjWr9gz9besE01!2e10!3e12!6shttps:%2F%2Flh5.googleusercontent.com%2Fp%2FAF1QipNiXn8DbtkOPH7HF6l-RTEU9kyjWr9gz9besE01%3Dw203-h114-k-no!7i1032!8i581!4m8!1m2!2m1!1sLiwara+1%09Ajman!3m4!1s0x3e5f578342e73e11:0x8b0bab1c99662602!8m2!3d25.4183127!4d55.4502932",Bipul,,,
Nuaimeya 1,Ajman,"https://www.google.com/maps/place/Nuaimiya+Tower+C/@25.3863357,55.4618919,3a,75y,90t/data=!3m8!1e2!3m6!1sAF1QipPOzBbcx2f7tyHRrmeV1u_D15n_WB2kx3XTBCb2!2e10!3e12!6shttps:%2F%2Flh5.googleusercontent.com%2Fp%2FAF1QipPOzBbcx2f7tyHRrmeV1u_D15n_WB2kx3XTBCb2%3Dw203-h270-k-no!7i2976!8i3968!4m8!1m2!2m1!1sAl+Nuaimiya+building+Nuaimeya+1%09Ajman!3m4!1s0x3e5f58442780d8a3:0xf23a9cd6a8ee204e!8m2!3d25.3863357!4d55.4618919",Bipul,,,
Nuaimeya 3,Ajman,"https://www.google.com/maps/place/3+Nuaimiya+St+-+Sharjah+-+United+Arab+Emirates/@25.3886977,55.4358126,3a,75y,90t/data=!3m6!1e1!3m4!1s*211m3*211y4494409660589424961*212y83811652762691379*213m0*212m2*211x253887371*212x554357817*213m2*211y4494408057825835403*212y3571200028929502289*215m2*211x253887371*212x554357817!2e0!7i13312!8i6656!4m5!3m4!1s0x3e5f59c61e844141:0x129c2410ef56733!8m2!3d25.3887371!4d55.4357817",Bipul,,,
Rashideya 1,Ajman,"https://www.google.com/maps/place/Al+Rashidiya+1+-+Ajman+-+United+Arab+Emirates/@25.3943064,55.4596703,3a,75y,90t/data=!3m8!1e2!3m6!1sAF1QipM3wHez5OYzWAZ1pZsy1o4tIGGlzQZgIeY0I9Cm!2e10!3e12!6shttps:%2F%2Flh5.googleusercontent.com%2Fp%2FAF1QipM3wHez5OYzWAZ1pZsy1o4tIGGlzQZgIeY0I9Cm%3Dw153-h86-k-no!7i4160!8i2336!4m5!3m4!1s0x3e5f5839b8979e7d:0xaf2ed5fb31cdba65!8m2!3d25.3921188!4d55.4596228",Bipul,,,
Rashideya 2,Ajman,"https://www.google.com/maps/place/Al+Rashidiya+2+-+Ajman+-+United+Arab+Emirates/@25.3961672,55.4458865,3a,75y,115.92h,90t/data=!3m7!1e1!3m5!1sNFXlpHgVhizq8mkZLPz2fA!2e0!6s%2F%2Fgeo0.ggpht.com%2Fcbk%3Fpanoid%3DNFXlpHgVhizq8mkZLPz2fA%26output%3Dthumbnail%26cb_client%3Dmaps_sv.tactile.gps%26thumb%3D2%26w%3D203%26h%3D100%26yaw%3D115.92014%26pitch%3D0%26thumbfov%3D100!7i13312!8i6656!4m5!3m4!1s0x3e5f5832d4f71ec3:0x479f3b58e443717f!8m2!3d25.3961921!4d55.4457768",Bipul,,,
Rashideya 3,Ajman,"https://www.google.com/maps/place/Al+Rashidiya+3+-+Ajman+-+United+Arab+Emirates/@25.3937453,55.4350908,3a,75y,17.71h,90t/data=!3m7!1e1!3m5!1s6STlgRJWIH2XLehCrtnEcg!2e0!6s%2F%2Fgeo3.ggpht.com%2Fcbk%3Fpanoid%3D6STlgRJWIH2XLehCrtnEcg%26output%3Dthumbnail%26cb_client%3Dmaps_sv.tactile.gps%26thumb%3D2%26w%3D203%26h%3D100%26yaw%3D17.705276%26pitch%3D0%26thumbfov%3D100!7i13312!8i6656!4m5!3m4!1s0x3e5f59d0bc6abc8b:0x3cf26e69d7fa8eb2!8m2!3d25.3991525!4d55.4374702",Bipul,,,
-,Dubai,,,,,
Al Bada'a,Dubai,https://upload.wikimedia.org/wikipedia/commons/9/96/Al_Bada%27a_-_panoramio.jpg,Ranadeep,,,
Al Barari,Dubai,https://www.freshpalace.com/wp-content/uploads/2013/05/Villas-Al-Barari-Dubai-Pond.jpg,Ranadeep,,,
Al Barsha,Dubai,"https://www.google.com/maps/place/Al+Barsha+-+Dubai+-+United+Arab+Emirates/@25.083827,55.220397,3a,75y,90t/data=!3m8!1e2!3m6!1sAF1QipNWV5_NbnBTFURwSpCkIUS454wcJQvam_DpNQSH!2e10!3e12!6shttps:%2F%2Flh5.googleusercontent.com%2Fp%2FAF1QipNWV5_NbnBTFURwSpCkIUS454wcJQvam_DpNQSH%3Dw152-h86-k-no!7i4128!8i2322!4m13!1m7!3m6!1s0x3e5f6c0fdcf8c319:0xc1b5948ee66f3482!2sAl+Barsha+-+Dubai+-+United+Arab+Emirates!3b1!8m2!3d25.083827!4d55.220397!3m4!1s0x3e5f6c0fdcf8c319:0xc1b5948ee66f3482!8m2!3d25.083827!4d55.220397",Ranadeep,This is Dubai Marina,Please change pics,Changes done. Please check
Al Barsha 1,Dubai,"https://www.google.com/maps/place/Al+Barsha+1+-+Dubai+-+United+Arab+Emirates/@25.1165694,55.1938207,3a,75y,85.5h,96.94t/data=!3m8!1e1!3m6!1sAF1QipP7su0qzZukI17jlGWcbyF_7t8XpuSPaQi1guc!2e10!3e11!6shttps:%2F%2Flh5.googleusercontent.com%2Fp%2FAF1QipP7su0qzZukI17jlGWcbyF_7t8XpuSPaQi1guc%3Dw203-h100-k-no-pi-6.941883-ya181.49998-ro-0-fo100!7i4608!8i2304!4m5!3m4!1s0x3e5f6b94ab31ca35:0x1d6c66f303155ccb!8m2!3d25.1108025!4d55.1955445",Ranadeep,This is Downtown,Please change pics,Changes done. Please check
Al Daghaya,Dubai,"https://www.google.com/maps/place/12+Al+Daghaya+St+-+Dubai+-+United+Arab+Emirates/@25.2739525,55.3005198,3a,75y,90t/data=!3m7!1e1!3m5!1sKM5H9UhYWrWnDG8ZAm-uGg!2e0!6s%2F%2Fgeo2.ggpht.com%2Fmaps%2Fphotothumb%2Ffd%2Fv1%3Fbpb%3DChAKDnNlYXJjaC5UQUNUSUxFEiAKEgkZOFcCRUNfPhGz-5inwW8zUSoKDQAAAAAVAAAAABoECFYQVg%26gl%3DIN!7i13312!8i6656!4m5!3m4!1s0x3e5f434502573819:0x51336fc1a798fbb3!8m2!3d25.2739263!4d55.300549",Bipul,,,
Al Furjan,Dubai,https://clickbric.com/wp-content/uploads/2018/12/samia-azizi-outside.jpg,Ranadeep,,,
Al Garhoud,Dubai,https://scontent.fgau3-1.fna.fbcdn.net/v/t1.0-9/11898687_973218132699927_1363727127144755728_n.jpg?_nc_cat=107&_nc_ht=scontent.fgau3-1.fna&oh=f2dff75251e487ef9a96c885bf7f516b&oe=5CEEB57D,Ranadeep,,,
Al Hamriya,Dubai,"https://en.wikipedia.org/wiki/Al_Hamriya,_Dubai",Ranadeep,wrong picture,,Changes done. Please check
Al Jadaf,Dubai,http://www.dsa-arch.com/wp-content/uploads/2017/01/3.-Waterfront-View_Evening_10000-1280x800.jpg,Ranadeep,,,
Al Jaddaf,Dubai,https://cloud.famproperties.com/landingpage/large/al-jaddaf-1774-180325095411.jpg,Ranadeep,,,
Al Karama,Dubai,"https://www.google.com/maps/place/Al+Karama+-+Dubai+-+United+Arab+Emirates/@25.2489204,55.3060551,3a,75y,90t/data=!3m8!1e2!3m6!1sAF1QipMK00Kj2lScOg0nX8iweLSggoVRiTC5bmBbcTgn!2e10!3e12!6shttps:%2F%2Flh5.googleusercontent.com%2Fp%2FAF1QipMK00Kj2lScOg0nX8iweLSggoVRiTC5bmBbcTgn%3Dw129-h86-k-no!7i4272!8i2848!4m5!3m4!1s0x3e5f42d7bf391ce5:0xc92c59be702d25dd!8m2!3d25.2489204!4d55.3060551",Ranadeep,wrong picture,,Changes done. Please check
Al Manara,Dubai,https://static.propsearch.ae/photos/dubai/areas/al-manara-4960_xl.jpg,Ranadeep,,,
Al Mankhool,Dubai,"https://www.google.com/maps/place/Al+Mankhool+-+Dubai+-+United+Arab+Emirates/@25.2478153,55.2862927,3a,75y,90t/data=!3m8!1e2!3m6!1sAF1QipNGTPyh1z5enhg3q3YlM7v3JXxEH5w96U4UsKNV!2e10!3e12!6shttps:%2F%2Flh5.googleusercontent.com%2Fp%2FAF1QipNGTPyh1z5enhg3q3YlM7v3JXxEH5w96U4UsKNV%3Dw203-h203-k-no!7i3120!8i3120!4m5!3m4!1s0x3e5f43222e37f797:0xf13f19b46d20ffea!8m2!3d25.2459667!4d55.2949976",Ranadeep,,,
Al Mizhar,Dubai,"https://www.google.com/maps/place/Al+Mizhar+-+Dubai+-+United+Arab+Emirates/@25.2380468,55.4447103,3a,75y,90t/data=!3m8!1e2!3m6!1sAF1QipM0jpVOa_Ho3zCkwC5o8i97Nkg6_DbpWMuoZ09o!2e10!3e12!6shttps:%2F%2Flh5.googleusercontent.com%2Fp%2FAF1QipM0jpVOa_Ho3zCkwC5o8i97Nkg6_DbpWMuoZ09o%3Dw203-h270-k-no!7i3024!8i4032!4m5!3m4!1s0x3e5f5e2aca0f51f5:0x5a5c168356870513!8m2!3d25.2491579!4d55.4526995",Bipul,,,
Al Muraqqabat,Dubai,"https://www.google.com/maps/place/Al+Muraqqabat+-+Dubai+-+United+Arab+Emirates/@25.2653598,55.3240264,3a,75y,90t/data=!3m8!1e2!3m6!1sAF1QipNeYjXWgtE518YQNfFcu6usOq7ZgGTP3lD9Dmi7!2e10!3e12!6shttps:%2F%2Flh5.googleusercontent.com%2Fp%2FAF1QipNeYjXWgtE518YQNfFcu6usOq7ZgGTP3lD9Dmi7%3Dw114-h86-k-no!7i4128!8i3096!4m5!3m4!1s0x3e5f5ccf30bc59df:0xe1f5b339a2799f6d!8m2!3d25.2653598!4d55.3240264",Bipul,,,
Al Murar,Dubai,"https://www.google.com/maps/place/Al+Murar+-+Dubai+-+United+Arab+Emirates/@25.2763552,55.3095108,3a,75y,90t/data=!3m8!1e2!3m6!1sAF1QipMaid5YSxx3dVN9HrpmDk1J_5S_XMRhQ1anYlLl!2e10!3e12!6shttps:%2F%2Flh5.googleusercontent.com%2Fp%2FAF1QipMaid5YSxx3dVN9HrpmDk1J_5S_XMRhQ1anYlLl%3Dw129-h86-k-no!7i2592!8i1728!4m13!1m7!3m6!1s0x3e5f434dc40ee6c5:0xb8c2067919d76c51!2sAl+Murar+-+Dubai+-+United+Arab+Emirates!3b1!8m2!3d25.2763552!4d55.3095108!3m4!1s0x3e5f434dc40ee6c5:0xb8c2067919d76c51!8m2!3d25.2763552!4d55.3095108",Bipul,,,
Al Muteena,Dubai,"https://www.google.com/maps/place/Muteena+-+Dubai+-+United+Arab+Emirates/@25.2740443,55.3226439,3a,75y,90t/data=!3m8!1e2!3m6!1sAF1QipNQqLhx_EVqHyjdZtBKEIfx-KtHKUGFRBDaQnxm!2e10!3e12!6shttps:%2F%2Flh5.googleusercontent.com%2Fp%2FAF1QipNQqLhx_EVqHyjdZtBKEIfx-KtHKUGFRBDaQnxm%3Dw203-h114-k-no!7i2048!8i1152!4m5!3m4!1s0x3e5f5cb6fde4ac03:0x714a2256a45f676e!8m2!3d25.2740443!4d55.3226439",Bipul,,,
Al Nahda,Dubai,"https://www.google.com/maps/place/Al+Nahda+1+-+Dubai+-+United+Arab+Emirates/@25.2919567,55.365513,3a,75y,90t/data=!3m8!1e2!3m6!1sAF1QipNxqlSEILWi0eon1Psjb4ajfjpKcCnyiraNm-XS!2e10!3e12!6shttps:%2F%2Flh5.googleusercontent.com%2Fp%2FAF1QipNxqlSEILWi0eon1Psjb4ajfjpKcCnyiraNm-XS%3Dw114-h86-k-no!7i4160!8i3120!4m5!3m4!1s0x3e5f5c65da176de9:0x30673c9913edc9f4!8m2!3d25.2919567!4d55.365513",Bipul,,,
Al Quoz,Dubai,https://www.shuraa.com/business-setup-in-al-quoz-dubai/,Bipul,,,
Al Quoz Industrial,Dubai,"https://www.google.com/maps/place/Al+Quoz+Industrial+Area+3+-+Dubai+-+United+Arab+Emirates/@25.1270426,55.2176352,3a,75y,90t/data=!3m8!1e2!3m6!1sAF1QipNOv8mAH6_5xjYoJsaadRnAHFLsJATS9fDUl0Rg!2e10!3e12!6shttps:%2F%2Flh5.googleusercontent.com%2Fp%2FAF1QipNOv8mAH6_5xjYoJsaadRnAHFLsJATS9fDUl0Rg%3Dw203-h114-k-no!7i4128!8i2322!4m5!3m4!1s0x3e5f6bdba28bcc31:0x6481e0195a2831a0!8m2!3d25.1270426!4d55.2176352",Bipul,,,
Al Qusais,Dubai,"https://www.google.com/maps/place/Al+Qusais+3+-+Dubai+-+United+Arab+Emirates/@25.2619867,55.3987166,3a,75y,90t/data=!3m8!1e2!3m6!1sAF1QipPa35V4YViN8WnUzAbqKELCxAz6ldMvdN2frhr7!2e10!3e12!6shttps:%2F%2Flh5.googleusercontent.com%2Fp%2FAF1QipPa35V4YViN8WnUzAbqKELCxAz6ldMvdN2frhr7%3Dw152-h86-k-no!7i2048!8i1152!4m5!3m4!1s0x3e5f5dd76e01067b:0xa722bdf3f51faf22!8m2!3d25.2619867!4d55.3987166",Bipul,,,
Al Raffa,Dubai,"https://www.google.com/maps/place/Al+Raffa+-+Dubai+-+United+Arab+Emirates/@25.2598537,55.2872271,3a,75y,148.5h,100.95t/data=!3m8!1e1!3m6!1sAF1QipMsCXNYVd2lgUgfAv69ifd7uomf8uob1H8s5P1I!2e10!3e11!6shttps:%2F%2Flh5.googleusercontent.com%2Fp%2FAF1QipMsCXNYVd2lgUgfAv69ifd7uomf8uob1H8s5P1I%3Dw203-h100-k-no-pi-9.486754-ya148.07483-ro-2.396729-fo100!7i7200!8i3600!4m5!3m4!1s0x3e5f43170e72b6bb:0x4d5e0c3a3cc907eb!8m2!3d25.255758!4d55.2880874",Bipul,,,
Al Rashidiya,Dubai,"https://www.google.com/maps/place/Al+Rashidiya+-+Dubai+-+United+Arab+Emirates/@25.2244647,55.3890309,3a,75y,90t/data=!3m8!1e2!3m6!1sAF1QipPmn3jnabEhWdq_ETRjPhu5V0r9-wZhWRUhNOMs!2e10!3e12!6shttps:%2F%2Flh5.googleusercontent.com%2Fp%2FAF1QipPmn3jnabEhWdq_ETRjPhu5V0r9-wZhWRUhNOMs%3Dw203-h114-k-no!7i3840!8i2160!4m5!3m4!1s0x3e5f6759c7757955:0xdc9a1315843ee548!8m2!3d25.2244647!4d55.3890309",Bipul,,,
Al Safa,Dubai,"https://www.google.com/maps/place/Al+Safa+2+-+Dubai+-+United+Arab+Emirates/@25.1586178,55.2245398,3a,75y,90t/data=!3m8!1e2!3m6!1sAF1QipN03TmSxwjL4tgMmZl-o9hIU-E4A_fRELLd-gkS!2e10!3e12!6shttps:%2F%2Flh5.googleusercontent.com%2Fp%2FAF1QipN03TmSxwjL4tgMmZl-o9hIU-E4A_fRELLd-gkS%3Dw203-h114-k-no!7i4608!8i2592!4m5!3m4!1s0x3e5f6a20649f5369:0xe250f82a5926fa59!8m2!3d25.1586178!4d55.2245398",Bipul,,,
Al Safa 1,Dubai,"https://www.google.com/maps/place/Al+Safa+1+-+Dubai+-+United+Arab+Emirates/@25.1715754,55.2329235,3a,75y,90t/data=!3m8!1e2!3m6!1sAF1QipMOTltaWMyFpXFqj3lv_Y5R9d6De3CQw5cHsg6D!2e10!3e12!6shttps:%2F%2Flh5.googleusercontent.com%2Fp%2FAF1QipMOTltaWMyFpXFqj3lv_Y5R9d6De3CQw5cHsg6D%3Dw203-h270-k-no!7i3024!8i4032!4m5!3m4!1s0x3e5f69eff0833769:0x46d48f29671e2414!8m2!3d25.1794821!4d55.2397317",Bipul,,,
Al Sufouh,Dubai,"https://www.google.com/maps/place/Al+Sufouh+-+Dubai+-+United+Arab+Emirates/@25.1133927,55.1762197,3a,75y,90t/data=!3m8!1e2!3m6!1sAF1QipPaFkAUfySatAY5naHUd04TlzbqP0iKLZFPWdpS!2e10!3e12!6shttps:%2F%2Flh5.googleusercontent.com%2Fp%2FAF1QipPaFkAUfySatAY5naHUd04TlzbqP0iKLZFPWdpS%3Dw203-h152-k-no!7i1600!8i1200!4m5!3m4!1s0x3e5f6b6b18e24261:0xd6770d4a34e796dd!8m2!3d25.1133927!4d55.1762197",Bipul,,,
Al Sufouh 2,Dubai,"https://www.google.com/maps/place/Al+Sufouh+2+-+Dubai+-+United+Arab+Emirates/@25.0900278,55.1507234,3a,75y,90t/data=!3m8!1e2!3m6!1sAF1QipOtzOTm4xtLJQUAzbBfbDG3mYnKMP9ABg-uZLm6!2e10!3e12!6shttps:%2F%2Flh5.googleusercontent.com%2Fp%2FAF1QipOtzOTm4xtLJQUAzbBfbDG3mYnKMP9ABg-uZLm6%3Dw152-h86-k-no!7i5312!8i2988!4m5!3m4!1s0x3e5f6b5adcb7b26f:0xf6e921201075da3b!8m2!3d25.1019499!4d55.162419",Bipul,,,
Al Tawar,Dubai,"https://www.google.com/maps/place/Al+Twar+2+-+Dubai+-+United+Arab+Emirates/@25.261193,55.3814393,3a,75y,90t/data=!3m8!1e2!3m6!1sAF1QipOe2vXLdX6sS4j51N5pY0HR8nB4YIHmqyQKxI8!2e10!3e12!6shttps:%2F%2Flh5.googleusercontent.com%2Fp%2FAF1QipOe2vXLdX6sS4j51N5pY0HR8nB4YIHmqyQKxI8%3Dw152-h86-k-no!7i3264!8i1836!4m5!3m4!1s0x3e5f5dc9f7f49145:0x1fd558528c056fee!8m2!3d25.2620038!4d55.3793463",Bipul,,,
Al Warqaa,Dubai,"https://www.google.com/maps/place/Al+Warqa+1+-+Dubai+-+United+Arab+Emirates/@25.1874594,55.4056356,3a,75y,90t/data=!3m8!1e2!3m6!1sAF1QipMtHV8PrMxJ9SAFNo1bramREc2qaAlZ2RVkF1wm!2e10!3e12!6shttps:%2F%2Flh5.googleusercontent.com%2Fp%2FAF1QipMtHV8PrMxJ9SAFNo1bramREc2qaAlZ2RVkF1wm%3Dw176-h86-k-no!7i4032!8i1960!4m5!3m4!1s0x3e5f612ab0532d79:0x38e346d0fbf72a56!8m2!3d25.1874594!4d55.4056356",Bipul,,,
Al Wasl,Dubai,"https://www.google.com/maps/place/Al+Wasl+-+Dubai+-+United+Arab+Emirates/@25.1940425,55.2566458,3a,75y,136.5h,90t/data=!3m8!1e1!3m6!1sAF1QipMUBSaWVXmKhHmlQ_m6gHu6MY9SIx2wkTnK87lC!2e10!3e11!6shttps:%2F%2Flh5.googleusercontent.com%2Fp%2FAF1QipMUBSaWVXmKhHmlQ_m6gHu6MY9SIx2wkTnK87lC%3Dw86-h86-k-no-pi-10.949902-ya51.50001-ro-0-fo100!7i8704!8i4352!4m5!3m4!1s0x3e5f4276cb11be6b:0x7a6f9270d7f09001!8m2!3d25.199425!4d55.2563077",Bipul,,,
Arabian Ranches,Dubai,"https://www.google.com/maps/place/Arabian+Ranches+-+Dubai+-+United+Arab+Emirates/@25.0523684,55.2673602,3a,75y,90t/data=!3m8!1e2!3m6!1sAF1QipOPKo3z2uab9k5__Y8LTkF-c9W1GX_jEULEkXtA!2e10!3e12!6shttps:%2F%2Flh5.googleusercontent.com%2Fp%2FAF1QipOPKo3z2uab9k5__Y8LTkF-c9W1GX_jEULEkXtA%3Dw152-h86-k-no!7i3264!8i1836!4m5!3m4!1s0x3e5f6fb6baf8cac9:0xe50b9eb0c7385be0!8m2!3d25.0523684!4d55.2673602",Bipul,,,
Arjan,Dubai,"https://www.google.com/maps/place/Arjan-Dubailand+-+Dubai+-+United+Arab+Emirates/@25.0605347,55.2397317,3a,75y,90t/data=!3m8!1e2!3m6!1sAF1QipMxn66t5qSp-jjWuUwith5Zt1ROGMkZjyIROC1j!2e10!3e12!6shttps:%2F%2Flh5.googleusercontent.com%2Fp%2FAF1QipMxn66t5qSp-jjWuUwith5Zt1ROGMkZjyIROC1j%3Dw203-h121-k-no!7i4160!8i2496!4m5!3m4!1s0x3e5f6e62bc9cf949:0x643f68939c298463!8m2!3d25.0605347!4d55.2397317",Bipul,,,
Badrah,Dubai,"https://www.google.com/maps/place/Badrah+Residence/@24.9500784,55.050102,3a,75y,90t/data=!3m8!1e2!3m6!1sAF1QipMjDluRiDylnDD1K6K3GKR_eq84JnYfZA2nqYOn!2e10!3e12!6shttps:%2F%2Flh5.googleusercontent.com%2Fp%2FAF1QipMjDluRiDylnDD1K6K3GKR_eq84JnYfZA2nqYOn%3Dw203-h134-k-no!7i4792!8i3184!4m5!3m4!1s0x3e5f0de0027dbc87:0x24e7093934cbc35b!8m2!3d24.9500784!4d55.050102",Bipul,,,
Barsha Heights,Dubai,"https://www.google.com/maps/place/Barsha+Heights+-+Dubai+-+United+Arab+Emirates/@25.096962,55.1775999,3a,75y,90t/data=!3m8!1e2!3m6!1sAF1QipN7h35_bjBdmMPi1Z52oqqzd3gpOVP11j5W9nwz!2e10!3e12!6shttps:%2F%2Flh5.googleusercontent.com%2Fp%2FAF1QipN7h35_bjBdmMPi1Z52oqqzd3gpOVP11j5W9nwz%3Dw203-h152-k-no!7i4032!8i3024!4m5!3m4!1s0x3e5f6b70aa43a969:0xedb6cd6c6b07a07d!8m2!3d25.096962!4d55.1775999",Bipul,,,
Barsha Heights (Tecom),Dubai,https://www.timeoutdubai.com/community/features/71759-quick-guide-to-tecom-renamed-barsha-heights,Bipul,,,
Bluewaters Island,Dubai,"https://www.google.com/maps/place/Bluewaters+Island+-+Dubai+-+United+Arab+Emirates/@25.079979,55.1222707,3a,75y,90t/data=!3m8!1e2!3m6!1sAF1QipM1AsZGAGgAGRAXCtt32U1WHoW7kDCOtApmgqmX!2e10!3e12!6shttps:%2F%2Flh5.googleusercontent.com%2Fp%2FAF1QipM1AsZGAGgAGRAXCtt32U1WHoW7kDCOtApmgqmX%3Dw203-h114-k-no!7i5312!8i2988!4m8!1m2!2m1!1sBluewaters+Island%09Dubai!3m4!1s0x3e5f6b5663ceda3b:0xd3c8896c74244b88!8m2!3d25.079979!4d55.1222707",Bipul,,,
Bur Dubai,Dubai,"https://www.google.com/maps/place/Bur+Dubai+-+Dubai+-+United+Arab+Emirates/@25.2568295,55.2853596,3a,75y,90t/data=!3m8!1e2!3m6!1sAF1QipPYDOTiTHBlfLcsW427VNBloOkzu80pqfVIdvGq!2e10!3e12!6shttps:%2F%2Flh5.googleusercontent.com%2Fp%2FAF1QipPYDOTiTHBlfLcsW427VNBloOkzu80pqfVIdvGq%3Dw152-h86-k-no!7i4096!8i2304!4m5!3m4!1s0x3e5f43399f217b61:0x5fd70f3402712a8b!8m2!3d25.2145565!4d55.3032906",Bipul,,,
Business Bay,Dubai,"https://www.google.com/maps/place/Business+Bay+-+Dubai+-+United+Arab+Emirates/@25.1871937,55.2748132,3a,75y,90t/data=!3m8!1e2!3m6!1sAF1QipN2T1_kmulydNcQxRPEFDQAKaN8T2UeiNVln-RP!2e10!3e12!6shttps:%2F%2Flh5.googleusercontent.com%2Fp%2FAF1QipN2T1_kmulydNcQxRPEFDQAKaN8T2UeiNVln-RP%3Dw114-h86-k-no!7i4032!8i3024!4m5!3m4!1s0x3e5f682def25f457:0x3dd4c4097970950e!8m2!3d25.1831647!4d55.272887",Bipul,,,
Culture Village,Dubai,"https://www.google.com/maps/place/Manazel+Al+Khor+at+Jaddaf+Waterfront+-+Dubai+Properties/@25.2309541,55.3376627,3a,75y,90t/data=!3m8!1e2!3m6!1sAF1QipMNaJ4Lr_aRFzL2c1Uk3gjDLosQJ9gTCLCqnzZd!2e10!3e12!6shttps:%2F%2Flh5.googleusercontent.com%2Fp%2FAF1QipMNaJ4Lr_aRFzL2c1Uk3gjDLosQJ9gTCLCqnzZd%3Dw203-h152-k-no!7i4032!8i3024!4m5!3m4!1s0x3e5f5d6a362a4075:0x6182f9d17642023a!8m2!3d25.2309541!4d55.3376627",Bipul,,,
DAMAC Hills (Akoya),Dubai,"https://www.google.com/maps/place/DAMAC+Hills/@25.027852,55.2524985,3a,104.7y,90t/data=!3m8!1e2!3m6!1shttps:%2F%2Fi.ytimg.com%2Fvi%2FN9rumS8PqfM%2Fhqdefault.jpg!2e7!3e27!6s%2F%2Flh6.googleusercontent.com%2Fproxy%2F2RznOsOPGLCnQ0x2HVIRGlsJAlL5orlrJtl_Dx5_p2Lqbi0HsFy1-p8TlbG96ThQIMxtZI9oZ3km7AgACMuCso3CdztNmc9kHWkqJ5gfrMNaEPnFZIIIJCbZtUdRpiH2DrEc9Yu6WsA4TYexlEvngCSKLcCmIQ%3Dw114-h86-k-no!7i480!8i360!4m8!1m2!2m1!1sDAMAC+Hills%09Dubai!3m4!1s0x3e5f81ce7759a06d:0x35a889eceb186be3!8m2!3d25.0274616!4d55.252388",Bipul,,,
Deira,Dubai,"https://www.google.com/maps/place/Deira+-+Dubai+-+United+Arab+Emirates/@25.2723399,55.3047251,3a,75y,1.5h,100.95t/data=!3m8!1e1!3m6!1sAF1QipNjiTMdELXvmoVqH1uE6nAjMyR7Qpr9GE4tnAod!2e10!3e11!6shttps:%2F%2Flh5.googleusercontent.com%2Fp%2FAF1QipNjiTMdELXvmoVqH1uE6nAjMyR7Qpr9GE4tnAod%3Dw203-h100-k-no-pi-10.949902-ya179.50002-ro-0-fo100!7i8704!8i4352!4m5!3m4!1s0x3e5f434f37cdae93:0xde756363a1b78491!8m2!3d25.2788468!4d55.3309395",Bipul,,,
DIFC,Dubai,"https://www.google.com/maps/place/Dubai+International+Financial+Centre/@25.2149944,55.2802124,3a,75y,304.5h,92.93t/data=!3m8!1e1!3m6!1sAF1QipPqlBn6YrVdg2lOXklmUUmpAkfEm91u30yde4q3!2e10!3e11!6shttps:%2F%2Flh5.googleusercontent.com%2Fp%2FAF1QipPqlBn6YrVdg2lOXklmUUmpAkfEm91u30yde4q3%3Dw203-h100-k-no-pi-2.9338646-ya55.49999-ro-0-fo100!7i7070!8i3535!4m5!3m4!1s0x3e5f429202af274d:0x1ab1e076b585abcb!8m2!3d25.2105814!4d55.2794068",Bipul,,,
Discovery Gardens,Dubai,"https://www.google.com/maps/place/Discovery+Gardens+-+Dubai+-+United+Arab+Emirates/@25.0390117,55.1444815,3a,75y,90t/data=!3m8!1e2!3m6!1sAF1QipMe9MncaQ8j6mOgqo8LkFetlX_HKxnsWq_GT_TR!2e10!3e12!6shttps:%2F%2Flh5.googleusercontent.com%2Fp%2FAF1QipMe9MncaQ8j6mOgqo8LkFetlX_HKxnsWq_GT_TR%3Dw203-h134-k-no!7i2048!8i1360!4m5!3m4!1s0x3e5f6cd623c3f253:0x1bdcdc11b4126442!8m2!3d25.0390117!4d55.1444815",Bipul,,,
Downtown,Dubai,"https://www.google.com/maps/place/Downtown+Dubai+-+Dubai+-+United+Arab+Emirates/@25.1909322,55.2804565,3a,75y,90t/data=!3m8!1e2!3m6!1sAF1QipO7mwf2yEwIVJMJYTHknBhLXd9tp6v7JNkq1H_Q!2e10!3e12!6shttps:%2F%2Flh5.googleusercontent.com%2Fp%2FAF1QipO7mwf2yEwIVJMJYTHknBhLXd9tp6v7JNkq1H_Q%3Dw203-h101-k-no!7i3000!8i1500!4m5!3m4!1s0x3e5f682f700cf983:0xb5cc58b076c0b904!8m2!3d25.1949849!4d55.2784141",Bipul,,,
Downtown Dubai,Dubai,"https://www.google.com/maps/place/Downtown+Dubai+-+Dubai+-+United+Arab+Emirates/@25.1909322,55.2804565,3a,75y,90t/data=!3m8!1e2!3m6!1sAF1QipMEzodYP4UIqVYyse9HaQauJdJJ0RwTHA0GDOHg!2e10!3e12!6shttps:%2F%2Flh5.googleusercontent.com%2Fp%2FAF1QipMEzodYP4UIqVYyse9HaQauJdJJ0RwTHA0GDOHg%3Dw152-h86-k-no!7i2048!8i1156!4m5!3m4!1s0x3e5f682f700cf983:0xb5cc58b076c0b904!8m2!3d25.1949849!4d55.2784141",Bipul,,,
Dubai Festival City,Dubai,http://hashtagdubai.org/index.php/2017/11/29/dubai-festival-city-mall-experiences-record-footfall-over-three-day-super-sale/,Bipul,,,
Dubai Harbour,Dubai,"https://www.google.com/maps/place/Beach+Vista+at+Emaar+Beachfront/@25.1000963,55.1412914,3a,75y,90t/data=!3m8!1e2!3m6!1sAF1QipMWznXbhfsIXDakBZfgIgo_o_v7Ld0rDeniHoel!2e10!3e12!6shttps:%2F%2Flh5.googleusercontent.com%2Fp%2FAF1QipMWznXbhfsIXDakBZfgIgo_o_v7Ld0rDeniHoel%3Dw194-h86-k-no!7i1600!8i707!4m5!3m4!1s0x3e5f6b35dd7eb889:0xec61956f8c3f52a2!8m2!3d25.1000963!4d55.1412914",Bipul,,,
Dubai Healthcare City,Dubai,"https://www.google.com/maps/place/Dubai+Healthcare+City+-+Dubai+-+United+Arab+Emirates/@25.2317298,55.3240264,3a,75y,90t/data=!3m8!1e2!3m6!1sAF1QipPyEaTYBisFSvrYkHo8nn7CNwhNCSiu6DIPcRbc!2e10!3e12!6shttps:%2F%2Flh5.googleusercontent.com%2Fp%2FAF1QipPyEaTYBisFSvrYkHo8nn7CNwhNCSiu6DIPcRbc%3Dw152-h86-k-no!7i5312!8i2988!4m5!3m4!1s0x3e5f5d364e1720cb:0x63bbf8d4c3d0263b!8m2!3d25.2317298!4d55.3240264",Bipul,,,
Dubai Hills Estate,Dubai,"https://www.google.com/maps/place/Emaar+Dubai+Hills+Estate+-+Sales+Pavilion+-+Emaar/@25.0943262,55.2450621,3a,94.7y,90t/data=!3m8!1e2!3m6!1shttps:%2F%2Fwww.albawaba.com%2Fsites%2Fdefault%2Ffiles%2Fimagecache%2Farticle_headline_node_big%2F%2Fsites%2Fdefault%2Ffiles%2Fim%2Fpr_new%2FDubai_Hills_Estate_Golf_Skyline.jpg!2e7!3e27!6s%2F%2Flh4.googleusercontent.com%2Fproxy%2F0nUYzPiEWZGKpRGEMN8MG4NDEGOyHcuO0rT0_9N5zNviStnwTSAsgrD85JGN4kn9z0ol7XuM1Bq7sOnTadivFJ7t9jwsh-_h6Tb4T4KLByRkTzd9YWWfeQBxTl2YoJgjEsXj-BpLur_JZeRf_T94aMnEx8x3og%3Dw130-h86-k-no!7i655!8i430!4m8!1m2!2m1!1sDubai+Hills+Estate%09Dubai!3m4!1s0x3e5f6eb9cbe41bb1:0x7951a91541b66b34!8m2!3d25.0943369!4d55.2452262",Bipul,,,
Dubai Industrial City,Dubai,"https://www.google.com/maps/place/Dubai+Industrial+City+-+Dubai+-+United+Arab+Emirates/@24.8551191,55.0671924,3a,75y,90t/data=!3m8!1e2!3m6!1sAF1QipMsV0VCeKtIivtzFioR60vJiiBVoM93eHBwi4Dv!2e10!3e12!6shttps:%2F%2Flh5.googleusercontent.com%2Fp%2FAF1QipMsV0VCeKtIivtzFioR60vJiiBVoM93eHBwi4Dv%3Dw203-h114-k-no!7i4160!8i2340!4m5!3m4!1s0x3e5f0a486146c027:0x2616c5f0d0759e58!8m2!3d24.8454615!4d55.082419",Bipul,,,
Dubai Industrial Park,Dubai,"https://www.google.com/maps/place/Dubai+Industrial+Park/@24.8930559,55.0689382,3a,82.4y,90t/data=!3m8!1e2!3m6!1shttps:%2F%2Ftecomgroup.ae%2Fwp-content%2Fuploads%2F2015%2F08%2FDubai-Industrial-City-41.jpg!2e7!3e27!6s%2F%2Flh5.googleusercontent.com%2Fproxy%2FDcgucHPtc5d3uaV_alH-8xtMx-MNITWcOhItAwj1LAXCbesYZARPWhHYcumxiY1xxLZElRcyn2gF5iT9ZBpWkBgwhJG_EIFB6K0Ir_401G-m9HTqQiLdF1ofpBoJLiQP8wXsQVtEFy2gFLbdpNcsllJvtVitBAw%3Dw129-h86-k-no!7i800!8i533!4m5!3m4!1s0x3e5f0a440c2331d3:0x76268de08c451413!8m2!3d24.8934!4d55.0693092",Bipul,,,
Dubai International Academic City (DIAC),Dubai,"https://www.google.com/maps/place/Academic+City+-+Dubai+-+United+Arab+Emirates/@25.1244349,55.4099499,3a,75y,90t/data=!3m8!1e2!3m6!1sAF1QipM7lLHEu3ot9VtSIgRAYQ4kRosgFC_CJhN43FUl!2e10!3e12!6shttps:%2F%2Flh5.googleusercontent.com%2Fp%2FAF1QipM7lLHEu3ot9VtSIgRAYQ4kRosgFC_CJhN43FUl%3Dw203-h114-k-no!7i3264!8i1836!4m5!3m4!1s0x3e5f63b0209a7c8b:0x81020cf836ebfd11!8m2!3d25.113106!4d55.4084034",Bipul,,,
Dubai Investment Park,Dubai,"https://www.google.com/maps/place/Dubai+Investments+Park+-+Dubai+-+United+Arab+Emirates/@24.972645,55.1635333,3a,75y,90t/data=!3m8!1e2!3m6!1sAF1QipOHLMALF73kUcTMwERycLD5f6yLM2jVlGTgjdnx!2e10!3e12!6shttps:%2F%2Flh5.googleusercontent.com%2Fp%2FAF1QipOHLMALF73kUcTMwERycLD5f6yLM2jVlGTgjdnx%3Dw143-h86-k-no!7i1280!8i768!4m5!3m4!1s0x3e5f72f4b0b690f1:0xbe838b0fd118f9d1!8m2!3d24.9789814!4d55.1762197",Bipul,,,
Dubai Investment Park 1,Dubai,"https://www.google.com/maps/place/Dubai+Investment+Park+-+1+-+Dubai+-+United+Arab+Emirates/@24.9834388,55.1541397,3a,75y,90t/data=!3m8!1e2!3m6!1sAF1QipP_lUHXq5WvUH9BhAOZOOIadXLUeeATW9qnb2Bb!2e10!3e12!6shttps:%2F%2Flh5.googleusercontent.com%2Fp%2FAF1QipP_lUHXq5WvUH9BhAOZOOIadXLUeeATW9qnb2Bb%3Dw152-h86-k-no!7i3920!8i2208!4m5!3m4!1s0x3e5f7294913a80d9:0x2ddf945f07b2902e!8m2!3d24.9834388!4d55.1541397",Bipul,,,
Dubai Land,Dubai,"https://www.google.com/maps/place/Al+Ramth/@25.0016748,55.2541181,3a,75.7y,90t/data=!3m8!1e2!3m6!1shttps:%2F%2Fwww.house2homeuae.com%2Fwp-content%2Fuploads%2F2014%2F07%2Falramth.jpeg!2e7!3e27!6s%2F%2Flh5.googleusercontent.com%2Fproxy%2FOfqYe79qFbKVvIh8eid_pUgTYN4rGDB1Qdb90As-9qjJyQgOgacRp810e1KA_T04txc57RzMn0vUEmKp_N0Dz3G4xgj4qWq0-fWEiShKUFESOPG7GSNCZSop3A8oimEi5EkeEcfWCH5uGku_0h4feVAOpJKwt2k%3Dw114-h86-k-no!7i800!8i600!4m5!3m4!1s0x3e5f71b92c5cde67:0x8e325d091bf30e34!8m2!3d25.0017755!4d55.2537558",Bipul,,,
Dubai Marina,Dubai,"https://www.google.com/maps/place/Dubai+Marina+-+Dubai+-+United+Arab+Emirates/@25.0805422,55.1403426,3a,75y,90t/data=!3m8!1e2!3m6!1sAF1QipO4GdlN_uZIiqA7P0tUEtc0p-a4z7caJGziqOCp!2e10!3e12!6shttps:%2F%2Flh5.googleusercontent.com%2Fp%2FAF1QipO4GdlN_uZIiqA7P0tUEtc0p-a4z7caJGziqOCp%3Dw203-h135-k-no!7i5184!8i3456!4m5!3m4!1s0x3e5f6b5402c126e3:0xb9511e6655c46d7c!8m2!3d25.0805422!4d55.1403426",Bipul,,,
Dubai Maritime City,Dubai,"https://www.google.com/maps/place/Dubai+Maritime+City+-+Dubai+-+United+Arab+Emirates/@25.2697914,55.2632154,3a,75y,90t/data=!3m8!1e2!3m6!1sAF1QipOGRm3A5kkkcDDH77rDGTroJVCZqeSMMEg0FPLg!2e10!3e12!6shttps:%2F%2Flh5.googleusercontent.com%2Fp%2FAF1QipOGRm3A5kkkcDDH77rDGTroJVCZqeSMMEg0FPLg%3Dw129-h86-k-no!7i2048!8i1365!4m5!3m4!1s0x3e5f4384740a5241:0xe6d78cfd14c6ada3!8m2!3d25.2697914!4d55.2632154",Bipul,,,
Dubai Production City (IMPZ),Dubai,"https://www.google.com/maps/place/Dubai+Production+City+-+Dubai+-+United+Arab+Emirates/@25.0317773,55.1900227,3a,75y,90t/data=!3m8!1e2!3m6!1sAF1QipNmZSpWOdJSAuvG8AGoEcqVyPMA9_6-HodfyoWu!2e10!3e12!6shttps:%2F%2Flh5.googleusercontent.com%2Fp%2FAF1QipNmZSpWOdJSAuvG8AGoEcqVyPMA9_6-HodfyoWu%3Dw114-h86-k-no!7i4032!8i3024!4m5!3m4!1s0x3e5f6da246274399:0xf46e06aa9d7c4a24!8m2!3d25.0317773!4d55.1900227",Bipul,,,
Dubai Science Park,Dubai,"https://www.google.com/maps/place/Dubai+science+park/@25.0748607,55.2399233,3a,75y,90t/data=!3m8!1e2!3m6!1sAF1QipOqLKy1pq18bxPHpy5YsuHHnQdLlqpdrRShYuR3!2e10!3e12!6shttps:%2F%2Flh5.googleusercontent.com%2Fp%2FAF1QipOqLKy1pq18bxPHpy5YsuHHnQdLlqpdrRShYuR3%3Dw203-h152-k-no!7i1280!8i960!4m8!1m2!2m1!1sDubai+Science+Park%09Dubai!3m4!1s0x3e5f6e91b59c7cb7:0xb936e1dd2cee63df!8m2!3d25.0748607!4d55.2399233",Bipul,,,
Dubai Science Park (Dubiotech),Dubai,"https://www.google.com/maps/place/Dubai+Science+Park/@25.076477,55.242548,3a,75y,90t/data=!3m8!1e2!3m6!1sAF1QipOM7u6zg0B_0I2RrruXbDqMms5IDUzKVx8eSg0Z!2e10!3e12!6shttps:%2F%2Flh5.googleusercontent.com%2Fp%2FAF1QipOM7u6zg0B_0I2RrruXbDqMms5IDUzKVx8eSg0Z%3Dw203-h114-k-no!7i3840!8i2160!4m8!1m2!2m1!1sDubai+Science+Park%09Dubai!3m4!1s0x3e5f6e9229f7d4ad:0xf7fc93f09c712400!8m2!3d25.076477!4d55.242548",Bipul,,,
Dubai Silicon Oasis,Dubai,"https://www.google.com/maps/place/Dubai+Silicon+Oasis+-+Dubai+-+United+Arab+Emirates/@25.124801,55.380728,3a,75y,322.5h,96.94t/data=!3m8!1e1!3m6!1sAF1QipNh6S-XWRME2GR0rebx3F08wcFeRJk8wlVTJXvv!2e10!3e11!6shttps:%2F%2Flh5.googleusercontent.com%2Fp%2FAF1QipNh6S-XWRME2GR0rebx3F08wcFeRJk8wlVTJXvv%3Dw203-h100-k-no-pi-6.9726357-ya322.40216-ro-0.7862025-fo100!7i5376!8i2688!4m5!3m4!1s0x3e5f640f1dcd4111:0xcb38e7be624792c3!8m2!3d25.1279484!4d55.3862638",Bipul,,,
Dubai South (Dubai World Central),Dubai,https://www.arabianbusiness.com/dubai-south-finds-place-in-world-s-best-5-communities-665360.html,Bipul,,,
Dubai Sports City,Dubai,"https://www.google.com/maps/place/Dubai+Sports+City+-+Dubai+-+United+Arab+Emirates/@25.0391345,55.2176352,3a,75y,90t/data=!3m8!1e2!3m6!1sAF1QipP-jJ4O83yELeO8BWaC5HFNdequEqfzj65al90m!2e10!3e12!6shttps:%2F%2Flh5.googleusercontent.com%2Fp%2FAF1QipP-jJ4O83yELeO8BWaC5HFNdequEqfzj65al90m%3Dw184-h86-k-no!7i8288!8i3872!4m5!3m4!1s0x3e5f6ddd39763a6f:0x57e0cc67b8f14b4c!8m2!3d25.0391345!4d55.2176352",Bipul,,,
Dubai Studio City,Dubai,http://www.dubaistudiocity.ae/,Bipul,,,
Dubai Waterfront,Dubai,"https://www.google.com/maps/place/Dubai+Waterfront/@24.955556,54.909444,3a,75y,90t/data=!3m8!1e2!3m6!1sAF1QipPxo53N5J8lWnfNO2P5PeyzO0xXiu5Kv05OaPya!2e10!3e12!6shttps:%2F%2Flh5.googleusercontent.com%2Fp%2FAF1QipPxo53N5J8lWnfNO2P5PeyzO0xXiu5Kv05OaPya%3Dw86-h107-k-no!7i2160!8i2700!4m5!3m4!1s0x3e5f1b18f2578ac9:0x71152f37bec6ee14!8m2!3d24.955556!4d54.909444",Bipul,,,
Emaar Beachfront,Dubai,"https://www.google.com/maps/place/Emaar+Beachfront/@25.0983984,55.1406875,3a,75y,90t/data=!3m8!1e2!3m6!1sAF1QipMUdfnsKJOHmMpB-hKVJKD2wJVZ99VQZbARVB0!2e10!3e12!6shttps:%2F%2Flh5.googleusercontent.com%2Fp%2FAF1QipMUdfnsKJOHmMpB-hKVJKD2wJVZ99VQZbARVB0%3Dw152-h86-k-no!7i4032!8i2268!4m5!3m4!1s0x3e5f6b4a7a223e33:0x9018afb0c70cbd9b!8m2!3d25.0983984!4d55.1406875",Bipul,,,
Emirates Living,Dubai,"https://www.google.com/maps/place/Emirates+Living/@25.088854,55.1731306,3a,75y,90t/data=!3m8!1e2!3m6!1sAF1QipPA8LTj_3tNs370XQOFfxaGhQNdPcPC0CSAVV_D!2e10!3e12!6shttps:%2F%2Flh5.googleusercontent.com%2Fp%2FAF1QipPA8LTj_3tNs370XQOFfxaGhQNdPcPC0CSAVV_D%3Dw203-h135-k-no!7i4500!8i3000!4m8!1m2!2m1!1sEmirates+Living%09Dubai!3m4!1s0x3e5f6b7d0683732b:0x79cea30e20299f1a!8m2!3d25.088854!4d55.1731306",Bipul,,,
Garhoud,Dubai,"https://www.google.com/maps/place/Garhoud+-+Dubai+-+United+Arab+Emirates/@25.2425408,55.352168,3a,75y,90t/data=!3m8!1e2!3m6!1sAF1QipPV0ZEQobpsrmJ9c6qFO--P2pssTw_a9iT9_chX!2e10!3e12!6shttps:%2F%2Flh5.googleusercontent.com%2Fp%2FAF1QipPV0ZEQobpsrmJ9c6qFO--P2pssTw_a9iT9_chX%3Dw151-h86-k-no!7i4160!8i2368!4m5!3m4!1s0x3e5f5d0c1a67a9dd:0xe1619a4dd393d10f!8m2!3d25.2400295!4d55.350299",Bipul,,,
Green Community (DIP),Dubai,"https://www.google.com/maps/place/Green+Community+Village+-+Dubai+-+United+Arab+Emirates/@25.0027332,55.1613425,3a,75y,181.5h,92.93t/data=!3m8!1e1!3m6!1sAF1QipNGiC3m89GYRVda9_Z1MlvPPaeWeYjCxfigtxx4!2e10!3e11!6shttps:%2F%2Flh5.googleusercontent.com%2Fp%2FAF1QipNGiC3m89GYRVda9_Z1MlvPPaeWeYjCxfigtxx4%3Dw203-h100-k-no-pi-2.9338646-ya50.499996-ro-0-fo100!7i8704!8i4352!4m5!3m4!1s0x3e5f6d60b80d155d:0xbc19be1872234d93!8m2!3d25.0000406!4d55.1679391",Bipul,,,
Green Community East,Dubai,http://ownaspace.com/uae/dubai/dubai-investment-park/4-bedroom-villa-for-rent-in-green-community-east-dubai-investment-park-dubai-uae_49359.html#lg=1&slide=1,Bipul,,,
Green Community West,Dubai,"https://www.google.com/maps/place/Green+Community+West+-+Dubai+-+United+Arab+Emirates/@24.9976447,55.163799,3a,75y,90t/data=!3m8!1e2!3m6!1sAF1QipMgFgkMvc_RQw_uRmY9WnMgt-uyQpggPRVMn_Iq!2e10!3e12!6shttps:%2F%2Flh5.googleusercontent.com%2Fp%2FAF1QipMgFgkMvc_RQw_uRmY9WnMgt-uyQpggPRVMn_Iq%3Dw203-h152-k-no!7i4032!8i3024!4m5!3m4!1s0x3e5f729ec5cea415:0x679d1d20409763c5!8m2!3d24.9976447!4d55.163799",Bipul,,,
Helio 2,Dubai,"https://www.google.com/maps/place/Helio+Lounge/@25.0815064,55.1453554,3a,75y,246.36h,90t/data=!3m7!1e1!3m5!1sWzLZV9MjcxJAX7tTv5W2Ug!2e0!6s%2F%2Fgeo1.ggpht.com%2Fcbk%3Fpanoid%3DWzLZV9MjcxJAX7tTv5W2Ug%26output%3Dthumbnail%26cb_client%3Dmaps_sv.tactile.gps%26thumb%3D2%26w%3D203%26h%3D100%26yaw%3D246.36432%26pitch%3D0%26thumbfov%3D100!7i13312!8i6656!4m5!3m4!1s0x3e5f6b565c63b933:0x813653f73bfcb74d!8m2!3d25.0812452!4d55.1450851",Bipul,,,
Hor Al Anz,Dubai,"https://www.google.com/maps/place/Hor+Al+Anz+-+Dubai+-+United+Arab+Emirates/@25.2809028,55.348621,3a,75y,169.5h,92.93t/data=!3m8!1e1!3m6!1sAF1QipMZeV3BRllY5fic6SWEafMnj99C1t8bew_5HbCP!2e10!3e11!6shttps:%2F%2Flh5.googleusercontent.com%2Fp%2FAF1QipMZeV3BRllY5fic6SWEafMnj99C1t8bew_5HbCP%3Dw203-h100-k-no-pi-2.9338646-ya212.49998-ro0-fo100!7i8704!8i4352!4m5!3m4!1s0x3e5f5c956c599479:0xcdb0cdf53b3ac84d!8m2!3d25.2769983!4d55.3337049",Bipul,,,
International City,Dubai,"https://www.google.com/maps/place/International+City+-+Dubai+-+United+Arab+Emirates/@25.1648925,55.4084034,3a,75y,90t/data=!3m8!1e2!3m6!1sAF1QipMUl2cIpGXyq1i8FvKNTvPNLbUsV2nnB3dFF_3y!2e10!3e12!6shttps:%2F%2Flh5.googleusercontent.com%2Fp%2FAF1QipMUl2cIpGXyq1i8FvKNTvPNLbUsV2nnB3dFF_3y%3Dw115-h86-k-no!7i2592!8i1936!4m5!3m4!1s0x3e5f614eb88deb71:0x1639bd9727e18e15!8m2!3d25.1648925!4d55.4084034",Bipul,,,
International City Phase 2 & 3,Dubai,"https://www.google.com/maps/place/Al+Jawaher+Building,+Warsan+4/@25.1449584,55.3919256,3a,95.7y,90t/data=!3m8!1e2!3m6!1sAF1QipOYPKtf3YlTviQgpZ9tRdofn0sw-oPq3D2HL0nO!2e10!3e12!6shttps:%2F%2Flh5.googleusercontent.com%2Fp%2FAF1QipOYPKtf3YlTviQgpZ9tRdofn0sw-oPq3D2HL0nO%3Dw127-h86-k-no!7i790!8i534!4m5!3m4!1s0x3e5f66a669b934d7:0x91743c35beb59eaf!8m2!3d25.1449505!4d55.3919365",Bipul,,,
International City Phase-2,Dubai,"https://www.google.com/maps/place/International+City+Phase(2)+-+Dubai+-+United+Arab+Emirates/@25.1408551,55.4056356,3a,75y,90t/data=!3m8!1e2!3m6!1sAF1QipPVksFoaS2tsvDrLwkgCkvNmW8RkcLCeNUyi_lV!2e10!3e12!6shttps:%2F%2Flh5.googleusercontent.com%2Fp%2FAF1QipPVksFoaS2tsvDrLwkgCkvNmW8RkcLCeNUyi_lV%3Dw152-h86-k-no!7i4096!8i2304!4m5!3m4!1s0x3e5f63ff35e739fd:0x69056442d9b7869!8m2!3d25.1408551!4d55.4056356",Bipul,,,
Jaddaf Waterfront,Dubai,"https://www.google.com/maps/place/Jaddaf+Waterfront+-+Dubai+-+United+Arab+Emirates/@25.2250683,55.3378531,3a,75y,90t/data=!3m8!1e2!3m6!1sAF1QipOHyvbZHpB8lcdQOZmV3rrAlHlskAir3imEz2WP!2e10!3e12!6shttps:%2F%2Flh5.googleusercontent.com%2Fp%2FAF1QipOHyvbZHpB8lcdQOZmV3rrAlHlskAir3imEz2WP%3Dw203-h114-k-no!7i5312!8i2988!4m5!3m4!1s0x3e5f5d684bd88689:0xe0d7a44e8e28701!8m2!3d25.2250683!4d55.3378531",Bipul,,,
Jebel Ali,Dubai,"https://www.google.com/maps/place/Mina+Jebel+Ali+-+Dubai+-+United+Arab+Emirates/@24.9885269,55.0669098,3a,75.8y,90t/data=!3m8!1e2!3m6!1sAF1QipNVlFzdW2nzpcNmGa4rXYPEhzs2l8z34Uz32Pcb!2e10!3e12!6shttps:%2F%2Flh5.googleusercontent.com%2Fp%2FAF1QipNVlFzdW2nzpcNmGa4rXYPEhzs2l8z34Uz32Pcb%3Dw203-h152-k-no!7i720!8i540!4m5!3m4!1s0x3e5f1212335809a9:0xa14e0c8de1c5300a!8m2!3d24.9857145!4d55.0272904",Bipul,,,
Jebel Ali Hills,Dubai,"https://www.google.com/maps/place/Jebel+Ali+Hills+Meraas/@24.903563,54.9712677,3a,75y,90t/data=!3m8!1e2!3m6!1sAF1QipM7NKZDBNGaKco1v-lSQ0QFZPt09BmfUohVRczX!2e10!3e12!6shttps:%2F%2Flh5.googleusercontent.com%2Fp%2FAF1QipM7NKZDBNGaKco1v-lSQ0QFZPt09BmfUohVRczX%3Dw203-h140-k-no!7i1024!8i709!4m5!3m4!1s0x3e5f0f0b422e9919:0x4240e8b8cb1a9df1!8m2!3d24.903563!4d54.9712677",Bipul,,,
Jebel Ali Industrial,Dubai,"https://www.google.com/maps/place/Jebel+Ali+Industrial+-+Dubai+-+United+Arab+Emirates/@24.9937532,55.1280646,3a,75y,5.27h,89.33t/data=!3m7!1e1!3m5!1sIwleKDVOE9Vj-XkUSM0ksg!2e0!6s%2F%2Fgeo0.ggpht.com%2Fcbk%3Fpanoid%3DIwleKDVOE9Vj-XkUSM0ksg%26output%3Dthumbnail%26cb_client%3Dmaps_sv.tactile.gps%26thumb%3D2%26w%3D203%26h%3D100%26yaw%3D329.01825%26pitch%3D0%26thumbfov%3D100!7i13312!8i6656!4m5!3m4!1s0x3e5f12a5fc60c251:0xcb332e4004272dc9!8m2!3d25.0019221!4d55.1265477",Bipul,,,
Jebel Ali Industrial Area,Dubai,"https://www.google.com/maps/place/Jebel+Ali+Industrial+-+Dubai+-+United+Arab+Emirates/@25.000348,55.1052827,3a,75y,100.46h,90t/data=!3m7!1e1!3m5!1sd6jnwnCy-uG86GWMAKkLqg!2e0!6s%2F%2Fgeo1.ggpht.com%2Fcbk%3Fpanoid%3Dd6jnwnCy-uG86GWMAKkLqg%26output%3Dthumbnail%26cb_client%3Dmaps_sv.tactile.gps%26thumb%3D2%26w%3D203%26h%3D100%26yaw%3D100.45572%26pitch%3D0%26thumbfov%3D100!7i13312!8i6656!4m5!3m4!1s0x3e5f12a5fc60c251:0xcb332e4004272dc9!8m2!3d25.0019221!4d55.1265477",Bipul,,,
Jebel Ali Village,Dubai,"https://www.google.com/maps/place/Jebel+Ali+Village+-+Dubai+-+United+Arab+Emirates/@25.0292353,55.1320653,3a,75y,90t/data=!3m8!1e2!3m6!1sAF1QipM_bC93JcO1MVbETEpd4-tRs3OlRA5ZUWgsRgto!2e10!3e12!6shttps:%2F%2Flh5.googleusercontent.com%2Fp%2FAF1QipM_bC93JcO1MVbETEpd4-tRs3OlRA5ZUWgsRgto%3Dw114-h86-k-no!7i3264!8i2448!4m5!3m4!1s0x3e5f13221df91693:0xe776991f26288bcc!8m2!3d25.0292353!4d55.1320653",Bipul,,,
JLT Jumeirah Lake Towers,Dubai,"https://www.google.com/maps/place/Jumeirah+Lakes+Towers+-+Dubai+-+United+Arab+Emirates/@25.0708625,55.1412343,3a,75y,34.5h,92.93t/data=!3m8!1e1!3m6!1sAF1QipMb3aFafKVM5riAhSCW2ASGt9UOsFjTcIMiBvSW!2e10!3e11!6shttps:%2F%2Flh5.googleusercontent.com%2Fp%2FAF1QipMb3aFafKVM5riAhSCW2ASGt9UOsFjTcIMiBvSW%3Dw203-h100-k-no-pi-2.9338646-ya3.5000033-ro-0-fo100!7i8704!8i4352!4m5!3m4!1s0x3e5f6cafb98a0725:0x6a2dec1aef8cd997!8m2!3d25.0692834!4d55.1417222",Bipul,,,
Jumeirah,Dubai,"https://www.google.com/maps/place/Jumeirah+-+Dubai+-+United+Arab+Emirates/@25.2016428,55.2452567,3a,75y,90t/data=!3m8!1e2!3m6!1sAF1QipMEgsY5k6mypwRm4B9TDQczZ-M5aYmbqyhMe1j6!2e10!3e12!6shttps:%2F%2Flh5.googleusercontent.com%2Fp%2FAF1QipMEgsY5k6mypwRm4B9TDQczZ-M5aYmbqyhMe1j6%3Dw152-h86-k-no!7i1280!8i720!4m5!3m4!1s0x3e5f421450b11cff:0xf654a68d2f2b513e!8m2!3d25.2016428!4d55.2452567",Bipul,,,
Jumeirah 2,Dubai,"https://www.google.com/maps/place/Jumeira+2+-+Dubai+-+United+Arab+Emirates/@25.2016428,55.2452567,3a,75y,90t/data=!3m8!1e2!3m6!1sAF1QipN12xON4E5Jr3hdbV-8PF9g5Noc0M79NVBTV9_-!2e10!3e12!6shttps:%2F%2Flh5.googleusercontent.com%2Fp%2FAF1QipN12xON4E5Jr3hdbV-8PF9g5Noc0M79NVBTV9_-%3Dw203-h114-k-no!7i4032!8i2268!4m5!3m4!1s0x3e5f421212dabbd1:0xf9925cceb587b767!8m2!3d25.2016428!4d55.2452567",Bipul,,,
Jumeirah Bay Island,Dubai,"https://www.google.com/maps/place/Bulgari+Resort+Dubai/@25.213567,55.2367148,3a,75y,90t/data=!3m8!1e2!3m6!1sAF1QipPNAEfzwwfU2UPTdTcrJxhSHRhLnzBmRFscqE85!2e10!3e12!6shttps:%2F%2Flh5.googleusercontent.com%2Fp%2FAF1QipPNAEfzwwfU2UPTdTcrJxhSHRhLnzBmRFscqE85%3Dw161-h86-k-no!7i2048!8i1088!4m5!3m4!1s0x3e5f4224b58b216b:0xc88c58b1be588fa7!8m2!3d25.2099095!4d55.236396",Bipul,,,
Jumeirah Golf Estates,Dubai,"https://www.google.com/maps/place/Jumeirah+Golf+Estates+-+Dubai+-+United+Arab+Emirates/@25.0192078,55.2010666,3a,75y,90t/data=!3m8!1e2!3m6!1sAF1QipPppKJGqXLf0X0L92CJ9M5cQRUCfGPvdvTxs9F6!2e10!3e12!6shttps:%2F%2Flh5.googleusercontent.com%2Fp%2FAF1QipPppKJGqXLf0X0L92CJ9M5cQRUCfGPvdvTxs9F6%3Dw114-h86-k-no!7i1600!8i1200!4m8!1m2!2m1!1sJumeirah+Golf+Estates%09Dubai!3m4!1s0x3e5f6d920e831295:0xa4791b1d5ec37474!8m2!3d25.0192078!4d55.2010666",Bipul,,,
Jumeirah Heights,Dubai,"https://www.google.com/maps/place/Jumeirah+Heights+-+Dubai+-+United+Arab+Emirates/@25.0676811,55.1490026,3a,75y,227.62h,90t/data=!3m7!1e1!3m5!1szuL9LT9zb96lJ-UXRiR5Yg!2e0!6s%2F%2Fgeo3.ggpht.com%2Fcbk%3Fpanoid%3DzuL9LT9zb96lJ-UXRiR5Yg%26output%3Dthumbnail%26cb_client%3Dmaps_sv.tactile.gps%26thumb%3D2%26w%3D203%26h%3D100%26yaw%3D227.62314%26pitch%3D0%26thumbfov%3D100!7i13312!8i6656!4m5!3m4!1s0x3e5f6cb120fbefd1:0x93d652713dc96132!8m2!3d25.0655904!4d55.1472408",Bipul,,,
Jumeirah Islands,Dubai,"https://www.google.com/maps/place/Jumeirah+Islands+-+Dubai+-+United+Arab+Emirates/@25.058,55.15368,3a,75y,90t/data=!3m8!1e2!3m6!1sAF1QipO63VI7c0D0NWWJ_T_CAcZsuNn4ksZpi3-I4vXz!2e10!3e12!6shttps:%2F%2Flh5.googleusercontent.com%2Fp%2FAF1QipO63VI7c0D0NWWJ_T_CAcZsuNn4ksZpi3-I4vXz%3Dw203-h134-k-no!7i2048!8i1360!4m5!3m4!1s0x3e5f6cc6d6c46eb1:0xda26d23e7977f45a!8m2!3d25.058!4d55.15368",Bipul,,,
Jumeirah Lake Towers,Dubai,"https://www.google.com/maps/place/Jumeirah+Lakes+Towers+-+Dubai+-+United+Arab+Emirates/@25.070735,55.1443158,3a,90y,84.88h,90t/data=!3m8!1e1!3m6!1sAF1QipM78McO48Z6SMwipvZjaIBvlWHMucUkK41xzs54!2e10!3e11!6shttps:%2F%2Flh5.googleusercontent.com%2Fp%2FAF1QipM78McO48Z6SMwipvZjaIBvlWHMucUkK41xzs54%3Dw203-h100-k-no-pi-0-ya91.87818-ro-0-fo100!7i4000!8i2000!4m5!3m4!1s0x3e5f6cafb98a0725:0x6a2dec1aef8cd997!8m2!3d25.0692834!4d55.1417222",Bipul,,,
Jumeirah Park,Dubai,"https://www.google.com/maps/place/Jumeirah+Park+-+Dubai+-+United+Arab+Emirates/@25.0507076,55.1499402,3a,75y,90t/data=!3m8!1e2!3m6!1sAF1QipMA-3BBiY9Kym05f8P_2ywYAA9olPeH20mvPlRp!2e10!3e12!6shttps:%2F%2Flh5.googleusercontent.com%2Fp%2FAF1QipMA-3BBiY9Kym05f8P_2ywYAA9olPeH20mvPlRp%3Dw129-h86-k-no!7i2048!8i1360!4m5!3m4!1s0x3e5f6cc5406c19b1:0xd2082f4c671e881d!8m2!3d25.0471279!4d55.1555195",Bipul,,,
Jumeirah Village Circle,Dubai,"https://www.google.com/maps/place/Jumeirah+Village+Circle+-+Dubai+-+United+Arab+Emirates/@25.0526019,55.2057773,3a,75y,46.5h,104.93t/data=!3m8!1e1!3m6!1sAF1QipNMcJrigfT3TjXuOdbOIHI0UFY8e9ImH3alcb8n!2e10!3e11!6shttps:%2F%2Flh5.googleusercontent.com%2Fp%2FAF1QipNMcJrigfT3TjXuOdbOIHI0UFY8e9ImH3alcb8n%3Dw203-h100-k-no-pi-12.586888-ya42.84023-ro-6.770358-fo100!7i7200!8i3600!4m5!3m4!1s0x3e5f6c36babd2c79:0x675853b2595d1a65!8m2!3d25.0601975!4d55.2093505",Bipul,,,
Jumeirah Village Triangle,Dubai,https://www.google.com/imgres?imgurl=https://www.uniqueproperties.ae/plugins/images/area/jumeirah-village-triangle-properties.jpg&imgrefurl=https://www.uniqueproperties.ae/en/area/map/jumeirah-village-triangle&h=667&w=1000&tbnid=XUC2YhXPw6Q8SM:&q=Jumeirah+Village+Triangle%09Dubai&tbnh=160&tbnw=240&usg=AI4_-kSnr916I38wFTVPAOdlom_SacbtiQ&vet=1&docid=eiGPlkZS8pVAcM&itg=1&sa=X&ved=2ahUKEwjsl4CswazgAhUNE4gKHTrlCTAQ_B0wDnoECAYQBg,Bipul,,,
Jumierah,Dubai,"https://www.google.com/maps/place/Jumeirah+-+Dubai+-+United+Arab+Emirates/@25.0795064,55.1330604,3a,75y,91.5h,92.93t/data=!3m8!1e1!3m6!1sAF1QipNEGqIZ4G4mnS3RwgiPPgNkrsAKlXSjHmBkd6JR!2e10!3e11!6shttps:%2F%2Flh5.googleusercontent.com%2Fp%2FAF1QipNEGqIZ4G4mnS3RwgiPPgNkrsAKlXSjHmBkd6JR%3Dw203-h100-k-no-pi-2.9338646-ya178.5-ro0-fo100!7i8704!8i4352!4m5!3m4!1s0x3e5f421450b11cff:0xf654a68d2f2b513e!8m2!3d25.2016428!4d55.2452567",Bipul,,,
JVC Jumeirah Village Circle,Dubai,"https://www.google.com/maps/place/Jumeirah+Village+Circle+-+Dubai+-+United+Arab+Emirates/@25.0601975,55.2093505,3a,75y,90t/data=!3m8!1e2!3m6!1sAF1QipNGeaJrt5oE6SG2pDRj_qxFKIdkxcI1zKdArQkB!2e10!3e12!6shttps:%2F%2Flh5.googleusercontent.com%2Fp%2FAF1QipNGeaJrt5oE6SG2pDRj_qxFKIdkxcI1zKdArQkB%3Dw114-h86-k-no!7i4032!8i3024!4m5!3m4!1s0x3e5f6c36babd2c79:0x675853b2595d1a65!8m2!3d25.0601975!4d55.2093505",Bipul,,,
Karama,Dubai,"https://www.google.com/maps/place/Golden+Sands+Al+Kifaf+Apartments/@25.2439339,55.2993768,3a,75y,90t/data=!3m8!1e2!3m6!1sAF1QipMomrXCUGOg-2U8ACmS_yRd95UX3Wr4_yc_3DV1!2e10!3e12!6shttps:%2F%2Flh5.googleusercontent.com%2Fp%2FAF1QipMomrXCUGOg-2U8ACmS_yRd95UX3Wr4_yc_3DV1%3Dw203-h152-k-no!7i4032!8i3024!4m5!3m4!1s0x3e5f42d899db757f:0x66a00537a40e563e!8m2!3d25.2439339!4d55.2993768",Bipul,,,
Majan,Dubai,http://www.futurehomesdubai.com/overview.asp?projID=137,Bipul,,,
Meydan City,Dubai,https://www.providentestate.com/dubai-developments/meydan-city-213.html,Bipul,,,
Mirdif,Dubai,https://whichschooladvisor.com/uae/area-guide/dubai/mirdif,Bipul,,,
Mohammed Bin Rashid City (MBR City),Dubai,"https://www.google.com/maps/place/Mohammed+Bin+Rashid+City/@25.1682209,55.2769331,3a,75y,90t/data=!3m8!1e2!3m6!1sAF1QipOVPH-Apc5CSRjayujuCP8sAPIbwLCIcQ5T3xe9!2e10!3e12!6shttps:%2F%2Flh5.googleusercontent.com%2Fp%2FAF1QipOVPH-Apc5CSRjayujuCP8sAPIbwLCIcQ5T3xe9%3Dw203-h121-k-no!7i2560!8i1536!4m5!3m4!1s0x3e5f684e67a3d701:0x48cb9eaf6dded20!8m2!3d25.1682209!4d55.2769331",Bipul,,,
Motor City,Dubai,"https://www.google.com/maps/place/Motor+City+-+Dubai+-+United+Arab+Emirates/@25.0450177,55.2397317,3a,75y,90t/data=!3m8!1e2!3m6!1sAF1QipOG-GTIQVdSjLDkHWfvKGI6vbJHuL0TehNJicln!2e10!3e12!6shttps:%2F%2Flh5.googleusercontent.com%2Fp%2FAF1QipOG-GTIQVdSjLDkHWfvKGI6vbJHuL0TehNJicln%3Dw129-h86-k-no!7i4898!8i3265!4m5!3m4!1s0x3e5f6e6d9f798d95:0x5d8a318f70af8dea!8m2!3d25.0450177!4d55.2397317",Bipul,,,
Mudon,Dubai,"https://www.google.com/maps/place/Mudon+-+Dubai+-+United+Arab+Emirates/@25.0195444,55.2601147,3a,75y,90t/data=!3m8!1e2!3m6!1sAF1QipP_Tuk9UXHNFTTU1irV8s9M2VfuM0EO7Hr3-l08!2e10!3e12!6shttps:%2F%2Flh5.googleusercontent.com%2Fp%2FAF1QipP_Tuk9UXHNFTTU1irV8s9M2VfuM0EO7Hr3-l08%3Dw121-h86-k-no!7i1528!8i1080!4m5!3m4!1s0x3e5f71d08a2a2575:0x9ba8e3dd3a58e133!8m2!3d25.0198578!4d55.2618338",Bipul,,,
Muhaisanah,Dubai,"https://www.google.com/maps/place/Etihad+Mall/@25.2366866,55.4203382,3a,75y,90t/data=!3m8!1e2!3m6!1sAF1QipPbdqZcYRwjlINHL7RJq5F22ICKWNaTbN_-q_gX!2e10!3e12!6shttps:%2F%2Flh5.googleusercontent.com%2Fp%2FAF1QipPbdqZcYRwjlINHL7RJq5F22ICKWNaTbN_-q_gX%3Dw203-h114-k-no!7i3328!8i1872!4m5!3m4!1s0x3e5f5e1fef34d01d:0xc30a2bd702f4b9a1!8m2!3d25.2366866!4d55.4203382",Bipul,,,
Old Town,Dubai,"https://www.google.com/maps/place/The+Old+Town/@25.1895079,55.2765948,3a,75y,90t/data=!3m8!1e2!3m6!1sAF1QipNNGe0sU2xAI60RoCybUW0tngoc7Ejd9E3RhNP7!2e10!3e12!6shttps:%2F%2Flh5.googleusercontent.com%2Fp%2FAF1QipNNGe0sU2xAI60RoCybUW0tngoc7Ejd9E3RhNP7%3Dw203-h135-k-no!7i2048!8i1365!4m8!1m2!2m1!1sOld+Town%09Dubai!3m4!1s0x3e5f682e890b606f:0x9d708dc2b3e1f607!8m2!3d25.1895082!4d55.2765948",Bipul,,,
Oud Metha,Dubai,"https://www.google.com/maps/place/Oud+Metha+-+Dubai+-+United+Arab+Emirates/@25.239126,55.3129667,3a,75y,90t/data=!3m8!1e2!3m6!1sAF1QipNyt8m3p3ZeCAzc2epZiOpxVHeWFszAoPlkd1Gd!2e10!3e12!6shttps:%2F%2Flh5.googleusercontent.com%2Fp%2FAF1QipNyt8m3p3ZeCAzc2epZiOpxVHeWFszAoPlkd1Gd%3Dw152-h86-k-no!7i3840!8i2160!4m5!3m4!1s0x3e5f42d258d31831:0xf10568f2b52e566e!8m2!3d25.239126!4d55.3129667",Bipul,,,
Palm Jumeirah,Dubai,"https://www.google.com/maps/place/Palm+Jumeirah/@25.1101474,55.1410338,3a,75y,90t/data=!3m8!1e2!3m6!1sAF1QipNpB9XDKLg1l76yugyBoOjH5VLbWcJ9sODxlPnf!2e10!3e12!6shttps:%2F%2Flh5.googleusercontent.com%2Fp%2FAF1QipNpB9XDKLg1l76yugyBoOjH5VLbWcJ9sODxlPnf%3Dw203-h114-k-no!7i5312!8i2988!4m5!3m4!1s0x3e5f1529c2653b15:0x3dcabcae764a3e16!8m2!3d25.1124317!4d55.138978",Bipul,,,
Rashideya 1,Dubai,"https://www.google.com/maps/place/Rashidiya+1+1/@25.2296505,55.3799706,3a,75y,90t/data=!3m8!1e2!3m6!1sAF1QipMspZl6dqRvLPGXn0_Ml5I8sU_r1Gin4_51V8l9!2e10!3e12!6shttps:%2F%2Flh5.googleusercontent.com%2Fp%2FAF1QipMspZl6dqRvLPGXn0_Ml5I8sU_r1Gin4_51V8l9%3Dw114-h86-k-no!7i1280!8i960!4m8!1m2!2m1!1sRashidiya+1%09Dubai!3m4!1s0x3e5f5d8b465cf789:0x32eab258064f40f2!8m2!3d25.228771!4d55.379918",Bipul,,,
Ruwayyah,Dubai,http://www.alnaboodahrealestate.com/properties/al-ruwayyah-camp/,Bipul,,,
Tecom Business Park (Al Sufouh),Dubai,"https://www.google.com/maps/place/Dubai+Internet+City/@25.0926283,55.1592011,3a,75y,90t/data=!3m8!1e2!3m6!1sAF1QipNVP0jw_-FCH8ugkA3CUeSywB1-2yFsihA_draA!2e10!3e12!6shttps:%2F%2Flh5.googleusercontent.com%2Fp%2FAF1QipNVP0jw_-FCH8ugkA3CUeSywB1-2yFsihA_draA%3Dw171-h86-k-no!7i5805!8i2904!4m5!3m4!1s0x3e5f6b42b02db56f:0x80e420b1be61f0b1!8m2!3d25.092779!4d55.159228",Bipul,,,
The Greens & The Views,Dubai,https://www.google.com/maps/uv?hl=en&pb=!1s0x3e5f6c8c8bd2a12d:0xb29400a96c06729f!2m22!2m2!1i80!2i80!3m1!2i20!16m16!1b1!2m2!1m1!1e1!2m2!1m1!1e3!2m2!1m1!1e5!2m2!1m1!1e4!2m2!1m1!1e6!3m1!7e115!4shttps://thegreensandviews.sakani.ae/!5sThe+Greens+and+Views+-+Google+Search&imagekey=!1e1!2shttps://thegreensandviews.sakani.ae/Content/Communities/GreensandViews/images/welcome/Gallery4.jpg&sa=X&ved=2ahUKEwik76LZoazgAhXFvY8KHSuDAQUQoiowDnoECAYQBg,Bipul,,,
The Lagoons (Dubai Creek Harbour),Dubai,"https://www.google.com/maps/place/The+Lagoons+-+Dubai+-+United+Arab+Emirates/@25.1945448,55.3641298,3a,75y,90t/data=!3m8!1e2!3m6!1sAF1QipOqJuHUiynj7hOPLEb2KBFluM0sFX796gCyO1gg!2e10!3e12!6shttps:%2F%2Flh5.googleusercontent.com%2Fp%2FAF1QipOqJuHUiynj7hOPLEb2KBFluM0sFX796gCyO1gg%3Dw203-h114-k-no!7i3840!8i2160!4m5!3m4!1s0x3e5f679fadfb563d:0x15e90d8fe66e02f2!8m2!3d25.1945448!4d55.3641298",Bipul,,,
The Lakes,Dubai,"https://www.google.com/maps/place/The+Lakes+-+Dubai+-+United+Arab+Emirates/@25.0792423,55.1693191,3a,75y,90t/data=!3m8!1e2!3m6!1sAF1QipMTxWH86RX9JFJ2IeFxtv2zJ7dDieGOO0MWam20!2e10!3e12!6shttps:%2F%2Flh5.googleusercontent.com%2Fp%2FAF1QipMTxWH86RX9JFJ2IeFxtv2zJ7dDieGOO0MWam20%3Dw153-h86-k-no!7i2048!8i1151!4m5!3m4!1s0x3e5f6c9b68d5c653:0x62a8d9e6ff4ebb07!8m2!3d25.0792423!4d55.1693191",Bipul,,,
The Palm Jumeirah,Dubai,"https://www.google.com/maps/place/Palm+Jumeirah/@25.1124317,55.138978,3a,75y,90t/data=!3m8!1e2!3m6!1sAF1QipNrjrxaPil5gfjDHbTzb6fYkx3BOienZeGfYb08!2e10!3e12!6shttps:%2F%2Flh5.googleusercontent.com%2Fp%2FAF1QipNrjrxaPil5gfjDHbTzb6fYkx3BOienZeGfYb08%3Dw203-h135-k-no!7i5184!8i3456!4m5!3m4!1s0x3e5f1529c2653b15:0x3dcabcae764a3e16!8m2!3d25.1124317!4d55.138978",Bipul,,,
Trade Center (SZR),Dubai,"https://www.google.com/maps/place/Trade+Centre+-+Dubai+-+United+Arab+Emirates/@25.2160352,55.2802956,3a,75y,90t/data=!3m8!1e2!3m6!1sAF1QipN4eV6X2JluP25qGWJEvwZakg8Cl2miXOOc56ii!2e10!3e12!6shttps:%2F%2Flh5.googleusercontent.com%2Fp%2FAF1QipN4eV6X2JluP25qGWJEvwZakg8Cl2miXOOc56ii%3Dw114-h86-k-no!7i2560!8i1920!4m8!1m2!2m1!1sTrade+Center%09Dubai!3m4!1s0x3e5f428d9dabe295:0x610912d15e85274c!8m2!3d25.2223231!4d55.2839416",Bipul,,,
Um Al Sheif,Dubai,"https://www.google.com/maps/place/Umm+Al+Sheif+-+Dubai+-+United+Arab+Emirates/@25.1327715,55.2052085,3a,75y,90t/data=!3m8!1e2!3m6!1sAF1QipOY1kdMJ_ciczlAP0PG3frJv4_QlTQcRHILj6T7!2e10!3e12!6shttps:%2F%2Flh5.googleusercontent.com%2Fp%2FAF1QipOY1kdMJ_ciczlAP0PG3frJv4_QlTQcRHILj6T7%3Dw114-h86-k-no!7i4608!8i3456!4m5!3m4!1s0x3e5f6bca0dcad573:0x881333e577cd83ad!8m2!3d25.1327715!4d55.2052085",Bipul,,,
Um Suqaim,Dubai,"https://www.google.com/maps/place/Umm+Suqeim+-+Dubai+-+United+Arab+Emirates/@25.1551127,55.2065891,3a,75y,90t/data=!3m8!1e2!3m6!1sAF1QipO5_N-0NujRx_aSkg2AHXLkzK8-Nk3DPLAmaY7N!2e10!3e12!6shttps:%2F%2Flh5.googleusercontent.com%2Fp%2FAF1QipO5_N-0NujRx_aSkg2AHXLkzK8-Nk3DPLAmaY7N%3Dw129-h86-k-no!7i4928!8i3264!4m5!3m4!1s0x3e5f6a3929b7abed:0xe493f1ccb5fd5bbd!8m2!3d25.1551127!4d55.2065891",Bipul,,,
Umm Ramool,Dubai,"https://www.google.com/maps/place/Umm+Ramool+-+Dubai+-+United+Arab+Emirates/@25.2283709,55.3600659,3a,75y,90t/data=!3m8!1e2!3m6!1sAF1QipPkB6SRAIxbE_ctPRRC9vRecnrZz0eE3MItuZ7n!2e10!3e12!6shttps:%2F%2Flh5.googleusercontent.com%2Fp%2FAF1QipPkB6SRAIxbE_ctPRRC9vRecnrZz0eE3MItuZ7n%3Dw203-h151-k-no!7i4000!8i2992!4m5!3m4!1s0x3e5f5d84c7ff78e1:0xde6f37cbd852013e!8m2!3d25.2289254!4d55.3668963",Bipul,,,
Umm Suqeim,Dubai,"https://www.google.com/maps/place/Umm+Suqeim+-+Dubai+-+United+Arab+Emirates/@25.1551127,55.2065891,3a,82.4y,90t/data=!3m8!1e2!3m6!1sAF1QipMSSnj5VSZl_UkXvq-UkYDNCHnNFkRwD0j0KSVb!2e10!3e12!6shttps:%2F%2Flh5.googleusercontent.com%2Fp%2FAF1QipMSSnj5VSZl_UkXvq-UkYDNCHnNFkRwD0j0KSVb%3Dw203-h152-k-no!7i640!8i480!4m5!3m4!1s0x3e5f6a3929b7abed:0xe493f1ccb5fd5bbd!8m2!3d25.1551127!4d55.2065891",Bipul,,,
Uptown Motor City,Dubai,"https://www.google.com/maps/place/Up+Town+Motor+City+-+Dubai+-+United+Arab+Emirates/@25.0490981,55.2475596,3a,75y,201.17h,90t/data=!3m7!1e1!3m5!1sKo5j2hZ7_xqTdCTpNK32CA!2e0!6s%2F%2Fgeo3.ggpht.com%2Fcbk%3Fpanoid%3DKo5j2hZ7_xqTdCTpNK32CA%26output%3Dthumbnail%26cb_client%3Dmaps_sv.tactile.gps%26thumb%3D2%26w%3D203%26h%3D100%26yaw%3D201.16791%26pitch%3D0%26thumbfov%3D100!7i13312!8i6656!4m5!3m4!1s0x3e5f6e6aeeec11fd:0x1e89c0c0d098cd3f!8m2!3d25.0455625!4d55.246638",Bipul,,,
World Islands,Dubai,"https://www.google.com/maps/place/The+World+Islands/@25.2278288,55.1651934,3a,82.4y,90t/data=!3m8!1e2!3m6!1sAF1QipO6wkQGwfWu82MLntqIG4r4nfXIC7dmXDBVi9WI!2e10!3e12!6shttps:%2F%2Flh5.googleusercontent.com%2Fp%2FAF1QipO6wkQGwfWu82MLntqIG4r4nfXIC7dmXDBVi9WI%3Dw203-h152-k-no!7i640!8i480!4m5!3m4!1s0x3e5f40e254650c41:0xaa69f77fa947b30f!8m2!3d25.2278288!4d55.1651934",Bipul,,,
Za'abeel,Dubai,https://www.google.com/imgres?imgurl=http://studio7g.com/wp-content/uploads/2016/07/Aerial-2.jpg&imgrefurl=http://studio7g.com/portfolio/zaabeel-palace-dubai/&h=1080&w=1920&tbnid=zNCuU3HnyMrarM:&q=Za%27abeel%09Dubai&tbnh=160&tbnw=285&usg=AI4_-kSI6qgZcx3ChRD7QR328kJcoWkstg&vet=1&docid=NKvMWaysVF4BAM&itg=1&sa=X&ved=2ahUKEwiJ0tH3mKzgAhXLM94KHZB0AQIQ_B0wDnoECAUQBg&cshid=1549631187257836#h=1080&imgdii=zNCuU3HnyMrarM:&tbnh=160&tbnw=285&vet=1&w=1920,Bipul,,,
Zabeel,Dubai,"https://www.google.com/maps/place/Za'abeel+-+Dubai+-+United+Arab+Emirates/@25.2182542,55.2977618,3a,75y,90t/data=!3m8!1e2!3m6!1sAF1QipMcXmr2HjHdUNabC7mzoXXTQ9hEq2zGSrzuEYPj!2e10!3e12!6shttps:%2F%2Flh5.googleusercontent.com%2Fp%2FAF1QipMcXmr2HjHdUNabC7mzoXXTQ9hEq2zGSrzuEYPj%3Dw152-h86-k-no!7i2048!8i1152!4m5!3m4!1s0x3e5f42a218e96a81:0x3e447be592a28dbe!8m2!3d25.2230543!4d55.3060551",Bipul,,,
Gurfah,Fujairah,"https://www.google.com/maps/place/Al+Jaber+Tower/@25.1214181,56.3537244,3a,75y,90t/data=!3m8!1e2!3m6!1sAF1QipNjnKkeHrIaLjNg7yjSh4FZAJ45vBGZPgjWvqj1!2e10!3e12!6shttps:%2F%2Flh5.googleusercontent.com%2Fp%2FAF1QipNjnKkeHrIaLjNg7yjSh4FZAJ45vBGZPgjWvqj1%3Dw203-h114-k-no!7i5333!8i3000!4m5!3m4!1s0x3ef4f843e803c1e5:0xa7a7a3e2c3b32e8d!8m2!3d25.1214181!4d56.3537244",Bipul,,,
Al Hamra,Ras al Khaimah,"https://www.google.com/maps/place/Al+Hamra+Village+-+Ras+al+Khaimah+-+United+Arab+Emirates/@25.6883878,55.7822228,3a,75y,90t/data=!3m8!1e2!3m6!1sAF1QipNwjtGreYn2Io822-V7CJZlqycKdMZNgDq2XBk!2e10!3e12!6shttps:%2F%2Flh5.googleusercontent.com%2Fp%2FAF1QipNwjtGreYn2Io822-V7CJZlqycKdMZNgDq2XBk%3Dw152-h86-k-no!7i5312!8i2988!4m5!3m4!1s0x3ef60a40dad92d41:0xdd82945c62e7d307!8m2!3d25.6919474!4d55.7828528",Bipul,,,
Al Marjan Island,Ras Al Khaimah,"https://www.google.com/maps/place/Marjan+Island/@25.6766071,55.7397801,3a,75y,90t/data=!3m8!1e2!3m6!1sAF1QipM46QDQLbtNVCCLfGETLgXESrrTKsw3TdM4BcF7!2e10!3e12!6shttps:%2F%2Flh5.googleusercontent.com%2Fp%2FAF1QipM46QDQLbtNVCCLfGETLgXESrrTKsw3TdM4BcF7%3Dw114-h86-k-no!7i4032!8i3024!4m5!3m4!1s0x3ef609ed37ef0109:0x8c9d50013e685a76!8m2!3d25.6766071!4d55.7397801",Bipul,,,
Suhaim,Ras al Khaimah,"https://www.google.com/maps/place/Suhaim+-+Ras+al+Khaimah+-+United+Arab+Emirates/@25.78766,55.9636417,3a,75y,301.74h,90t/data=!3m7!1e1!3m5!1sTB09x3dJqSAV2ZxIxgw-Rw!2e0!6s%2F%2Fgeo1.ggpht.com%2Fcbk%3Fpanoid%3DTB09x3dJqSAV2ZxIxgw-Rw%26output%3Dthumbnail%26cb_client%3Dmaps_sv.tactile.gps%26thumb%3D2%26w%3D203%26h%3D100%26yaw%3D301.74197%26pitch%3D0%26thumbfov%3D100!7i13312!8i6656!4m5!3m4!1s0x3ef676ca429254eb:0x5ca7a2d6523ba7aa!8m2!3d25.7898687!4d55.9588312",Bipul,,,
Ras Al Khor,Ras Al Khor,"https://www.google.com/maps/place/The+Lagoons+-+Dubai+-+United+Arab+Emirates/@25.1945448,55.3641298,3a,75y,90t/data=!3m8!1e2!3m6!1sAF1QipNHPODbLFnq2RHwImvevTcQ6XZlmFfUlVvu1_2w!2e10!3e12!6shttps:%2F%2Flh5.googleusercontent.com%2Fp%2FAF1QipNHPODbLFnq2RHwImvevTcQ6XZlmFfUlVvu1_2w%3Dw152-h86-k-no!7i3264!8i1836!4m5!3m4!1s0x3e5f679fadfb563d:0x15e90d8fe66e02f2!8m2!3d25.1945448!4d55.3641298",Bipul,,,
Abu Shagara,Sharjah,"https://www.google.com/maps/place/Abu+Shagara+-+Sharjah+-+United+Arab+Emirates/@25.3363068,55.3959492,3a,75y,90t/data=!3m8!1e2!3m6!1sAF1QipM1ulIxnnkd96tKnKNsPydcyQ7drRwVYPbk9Qw0!2e10!3e12!6shttps:%2F%2Flh5.googleusercontent.com%2Fp%2FAF1QipM1ulIxnnkd96tKnKNsPydcyQ7drRwVYPbk9Qw0%3Dw152-h86-k-no!7i2560!8i1440!4m5!3m4!1s0x3e5f5bdc39457493:0x33902f51fe10b544!8m2!3d25.3363068!4d55.3959492",Bipul,,,
Al Gharb,Sharjah,"https://www.google.com/maps/place/Al+Gharb+-+Sharjah+-+United+Arab+Emirates/@25.3553466,55.3945655,3a,75y,90t/data=!3m8!1e2!3m6!1sAF1QipPPRycPu7exnhaD7Y-qIFKXlZllGe5FSHWtrYns!2e10!3e12!6shttps:%2F%2Flh5.googleusercontent.com%2Fp%2FAF1QipPPRycPu7exnhaD7Y-qIFKXlZllGe5FSHWtrYns%3Dw152-h86-k-no!7i5312!8i2988!4m5!3m4!1s0x3e5f5a2dabcde77b:0x2c936421fee8ea66!8m2!3d25.3553466!4d55.3945655",Bipul,,,
Al Khalidiah,Sharjah,"https://www.google.com/maps/place/Al+Khalidiah+Resort/@25.3344581,55.3638618,3a,80.4y,90t/data=!3m8!1e2!3m6!1shttps:%2F%2Fcdn.ostrovok.ru%2Ft%2F1024x768%2Fsecond%2Fa1%2F14%2Fa1145ea3fd9005fff8610a9fb3b305bb970de7f7.jpeg!2e7!3e27!6s%2F%2Flh4.googleusercontent.com%2Fproxy%2F2CwI4Fr9ZncGaRnX5z8YGICdMFzeF6QPMv_VqnBeQHF48mc6WDqS7e80I1kSs7oT_MVAb3xxRTore9eZZBwf6sSvK--GiQVUrqiEdBl1YzZNtcTHtwlK_iXgpQAlcA7HAjCLbCYGPyYETJqYp_U51wL1aV31jq0%3Dw156-h86-k-no!7i840!8i460!4m5!3m4!1s0x3e5f5bf464c5e053:0x252847aad4b3e82!8m2!3d25.3346434!4d55.3639843",Bipul,,,
Al Khan,Sharjah,"https://www.google.com/maps/place/Al+Khan+-+Sharjah+-+United+Arab+Emirates/@25.32892,55.3682795,3a,75y,90t/data=!3m8!1e2!3m6!1sAF1QipNX5gDdGYMDQ428g9bJcMZ69yBG6onnr1LFaLc!2e10!3e12!6shttps:%2F%2Flh5.googleusercontent.com%2Fp%2FAF1QipNX5gDdGYMDQ428g9bJcMZ69yBG6onnr1LFaLc%3Dw152-h86-k-no!7i2560!8i1440!4m5!3m4!1s0x3e5f5b9bbf838035:0x2260012f3ec523f0!8m2!3d25.32892!4d55.3682795",Bipul,,,
Al Mahatah,Sharjah,"https://www.google.com/maps/place/Al+Mahatah+-+Sharjah+-+United+Arab+Emirates/@25.3485076,55.3931818,3a,75y,90t/data=!3m8!1e2!3m6!1sAF1QipPLUbnVKeNoBK58vbwfTq6sRSTqM8vW4cm6oIer!2e10!3e12!6shttps:%2F%2Flh5.googleusercontent.com%2Fp%2FAF1QipPLUbnVKeNoBK58vbwfTq6sRSTqM8vW4cm6oIer%3Dw129-h86-k-no!7i3008!8i2000!4m5!3m4!1s0x3e5f5bd2231286d9:0xc59aabd5159c9132!8m2!3d25.3485076!4d55.3931818",Bipul,,,
Al Majarrah,Sharjah,"https://www.google.com/maps/place/Al+Fardan+Centre/@25.3236835,55.3820888,3a,75y/data=!3m8!1e2!3m6!1sAF1QipPD6PuWSbQcuT3xPieEz8iLyMI6aI8kw1k9tZ8r!2e10!3e12!6shttps:%2F%2Flh5.googleusercontent.com%2Fp%2FAF1QipPD6PuWSbQcuT3xPieEz8iLyMI6aI8kw1k9tZ8r%3Dw203-h152-k-no!7i1600!8i1200!4m5!3m4!1s0x3e5f5beb5fd125ed:0x4f63a0077b82e4ff!8m2!3d25.3238967!4d55.3820994",Bipul,,,
Al Majaz,Sharjah,"https://www.google.com/maps/place/Al+Majaz+-+Sharjah+-+United+Arab+Emirates/@25.3213384,55.3834967,3a,75y,90t/data=!3m8!1e2!3m6!1sAF1QipMQ5F_POjSEJD8lwzC9hmZ_E9-5-xDlyEoPvJN4!2e10!3e12!6shttps:%2F%2Flh5.googleusercontent.com%2Fp%2FAF1QipMQ5F_POjSEJD8lwzC9hmZ_E9-5-xDlyEoPvJN4%3Dw203-h101-k-no!7i3648!8i1824!4m5!3m4!1s0x3e5f5bc023b9ae1f:0xbce03df60d9b845e!8m2!3d25.3213384!4d55.3834967",Bipul,,,
Al Majaz 3,Sharjah,"https://www.google.com/maps/place/Robot+Park+Tower+-+Sharjah+-+United+Arab+Emirates/@25.3325144,55.3742061,3a,75y,268.09h,89.87t/data=!3m7!1e1!3m5!1sZ99kCPGFGKbRINtk22YyvA!2e0!6s%2F%2Fgeo1.ggpht.com%2Fcbk%3Fpanoid%3DZ99kCPGFGKbRINtk22YyvA%26output%3Dthumbnail%26cb_client%3Dsearch.TACTILE.gps%26thumb%3D2%26w%3D86%26h%3D86%26yaw%3D271.61508%26pitch%3D0%26thumbfov%3D100!7i13312!8i6656!4m5!3m4!1s0x3e5f5bbbed10dd5b:0x924e1767a08c3c2b!8m2!3d25.3324821!4d55.3739261",Bipul,,,
Al Nahda,Sharjah,"https://www.google.com/maps/place/Al+Nahda+1+-+Dubai+-+United+Arab+Emirates/@25.2919567,55.365513,3a,75y,90t/data=!3m8!1e2!3m6!1sAF1QipMjqydaZ9ReXWn3qKu4fp3iu33D8tATdAPvrcK4!2e10!3e12!6shttps:%2F%2Flh5.googleusercontent.com%2Fp%2FAF1QipMjqydaZ9ReXWn3qKu4fp3iu33D8tATdAPvrcK4%3Dw203-h152-k-no!7i4128!8i3096!4m5!3m4!1s0x3e5f5c65da176de9:0x30673c9913edc9f4!8m2!3d25.2919567!4d55.365513",Bipul,,,
Al Nahdah,Sharjah,"https://www.google.com/maps/place/Al+Nahda+1+-+Dubai+-+United+Arab+Emirates/@25.2919567,55.365513,3a,75y,90t/data=!3m8!1e2!3m6!1sAF1QipNxqlSEILWi0eon1Psjb4ajfjpKcCnyiraNm-XS!2e10!3e12!6shttps:%2F%2Flh5.googleusercontent.com%2Fp%2FAF1QipNxqlSEILWi0eon1Psjb4ajfjpKcCnyiraNm-XS%3Dw114-h86-k-no!7i4160!8i3120!4m5!3m4!1s0x3e5f5c65da176de9:0x30673c9913edc9f4!8m2!3d25.2919567!4d55.365513",Bipul,,,
Al Nasserya,Sharjah,"https://www.google.com/maps/place/The+Grand+Avenue+-+Sharjah/@25.3642912,55.4064701,3a,75y,90t/data=!3m8!1e2!3m6!1sAF1QipMwHGFHd_9WLTzcdX8GHnoeI5Jmbr3yApkZ0ke3!2e10!3e12!6shttps:%2F%2Flh5.googleusercontent.com%2Fp%2FAF1QipMwHGFHd_9WLTzcdX8GHnoeI5Jmbr3yApkZ0ke3%3Dw203-h125-k-no!7i2000!8i1233!4m5!3m4!1s0x3e5f598641a730dd:0x2b4dc99ce905fac!8m2!3d25.3647635!4d55.4069985",Bipul,,,
Al Qasimia,Sharjah,"https://www.google.com/maps/place/Al+Marzouqi+Towers/@25.3447708,55.3875023,3a,75y,90t/data=!3m8!1e2!3m6!1sAF1QipNk13ISuao6rQm56W4exWiUoq2I536rqw53TMwZ!2e10!3e12!6shttps:%2F%2Flh5.googleusercontent.com%2Fp%2FAF1QipNk13ISuao6rQm56W4exWiUoq2I536rqw53TMwZ%3Dw203-h152-k-no!7i2560!8i1920!4m8!1m2!2m1!1sAl+Marzouqi+Towers%C2%A0Al+Qasimia+Sharjah!3m4!1s0x3e5f5bcebdce3c47:0x530543890359befe!8m2!3d25.3447708!4d55.3875023",Bipul,,,
Al Qasimiah,Sharjah,"https://www.google.com/maps/place/Al+Qasimia+-+Sharjah+-+United+Arab+Emirates/@25.3459198,55.3931818,3a,75y,90t/data=!3m8!1e2!3m6!1sAF1QipMeUr4bPPE9IuNVsZIle0gz2YEUeHauA1eedaBs!2e10!3e12!6shttps:%2F%2Flh5.googleusercontent.com%2Fp%2FAF1QipMeUr4bPPE9IuNVsZIle0gz2YEUeHauA1eedaBs%3Dw203-h113-k-no!7i4160!8i2336!4m8!1m2!2m1!1sAl+Abjar+Tower%C2%A0Al+Qasimia+Sharjah!3m4!1s0x3e5f5bd03489bdb5:0x3769999c6a02985e!8m2!3d25.3459198!4d55.3931818",Bipul,,,
Al Sharq,Sharjah,"https://www.google.com/maps/place/Al+Sharq+-+Sharjah+-+United+Arab+Emirates/@25.3624435,55.3964918,3a,75y,11.1h,90t/data=!3m7!1e1!3m5!1sxUJ2dXtxOXeEOo6NKRxSSw!2e0!6s%2F%2Fgeo3.ggpht.com%2Fcbk%3Fpanoid%3DxUJ2dXtxOXeEOo6NKRxSSw%26output%3Dthumbnail%26cb_client%3Dmaps_sv.tactile.gps%26thumb%3D2%26w%3D203%26h%3D100%26yaw%3D11.10356%26pitch%3D0%26thumbfov%3D100!7i13312!8i6656!4m8!1m2!2m1!1sSafad%C2%A0Al+Sharq+Sharjah!3m4!1s0x3e5f5a214ff9db81:0xf05b844fb31e8e41!8m2!3d25.3690247!4d55.3973329",Bipul,,,
Al Shuwaihean,Sharjah,"https://www.google.com/maps/place/Al+Ateek+Tower+-+Sharjah+-+United+Arab+Emirates/@25.3608503,55.3873072,3a,75y,338.46h,90t/data=!3m7!1e1!3m5!1s3IIUBNimqF0CWU9c-4ltwQ!2e0!6s%2F%2Fgeo1.ggpht.com%2Fcbk%3Fpanoid%3D3IIUBNimqF0CWU9c-4ltwQ%26output%3Dthumbnail%26cb_client%3Dsearch.TACTILE.gps%26thumb%3D2%26w%3D86%26h%3D86%26yaw%3D338.46292%26pitch%3D0%26thumbfov%3D100!7i13312!8i6656!4m5!3m4!1s0x3e5f5a30a6ad8443:0x169cac52ac2b33d5!8m2!3d25.3608817!4d55.3872889",Bipul,,,
Al Taawun,Sharjah,"https://www.google.com/maps/place/Majestic+Tower+-+Sharjah+-+United+Arab+Emirates/@25.3034275,55.3634257,3a,75y,90t/data=!3m7!1e1!3m5!1s2TzWw5NJFEpajsqsfLRB7g!2e0!6s%2F%2Fgeo3.ggpht.com%2Fmaps%2Fphotothumb%2Ffd%2Fv1%3Fbpb%3DChAKDnNlYXJjaC5UQUNUSUxFEiwKEgknXp63gFtfPhEgwwTU-JHlRhIKDe0IFQ8Vudj_ICoKDZQdFQ8VDc3_IBoECFYQVg%26gl%3DIN!7i13312!8i6656!4m13!1m7!3m6!1s0x3e5f5b80b79e5e27:0x46e591f8d404c320!2sMajestic+Tower+-+Sharjah+-+United+Arab+Emirates!3b1!8m2!3d25.3042068!4d55.3635085!3m4!1s0x3e5f5b80b79e5e27:0x46e591f8d404c320!8m2!3d25.3042068!4d55.3635085",Bipul,,,